0|0|METHYLPHENIDATE HYDROCHLORIDE |SUCROSE |STARCH, CORN |HYPROMELLOSE, UNSPECIFIED |POLYETHYLENE GLYCOL, UNSPECIFIED |AMMONIO METHACRYLATE COPOLYMER TYPE B |METHACRYLIC ACID - ETHYL ACRYLATE COPOLYMER (1:1) TYPE A |TRIETHYL CITRATE |TALC |WATER |SILICON DIOXIDE |FD&C BLUE NO. 1 |TITANIUM DIOXIDE |GELATIN, UNSPECIFIED |D&C RED NO. 28 |D&C YELLOW NO. 10 |FD&C RED NO. 40 |D&C RED NO. 33 |FD&C RED NO. 3 |FD&C GREEN NO. 3 |FERROSOFERRIC OXIDE |||||||||
1|1|ACETAMINOPHEN |BUTALBITAL |CAFFEINE |MAGNESIUM STEARATE |CELLULOSE, MICROCRYSTALLINE |Silicon Dioxide ||||||||||||||||||||||||
2|2|ACETAMINOPHEN |CAFFEINE |DIHYDROCODEINE BITARTRATE |SILICON DIOXIDE |CROSPOVIDONE |MAGNESIUM STEARATE |CELLULOSE, MICROCRYSTALLINE |STARCH, PREGELATINIZED CORN |STEARIC ACID |POVIDONE K30 ||||||||||||||||||||
3|3|ACETAMINOPHEN |CAFFEINE |DIHYDROCODEINE BITARTRATE |CROSPOVIDONE (15 MPA.S AT 5%) |MAGNESIUM STEARATE |POVIDONE, UNSPECIFIED |STARCH, CORN |STEARIC ACID |FD&C RED NO. 40 |GELATIN, UNSPECIFIED ||||||||||||||||||||
4|4|ACETAMINOPHEN |CAFFEINE |DIHYDROCODEINE BITARTRATE |CROSPOVIDONE |MAGNESIUM STEARATE |POVIDONE |STARCH, CORN |STEARIC ACID |FD&C RED NO. 40 |GELATIN ||||||||||||||||||||
5|5|ACETAMINOPHEN |CAFFEINE |DIHYDROCODEINE BITARTRATE |CROSPOVIDONE (15 MPA.S AT 5%) |MAGNESIUM STEARATE |CROSPOVIDONE, UNSPECIFIED |STARCH, CORN |STEARIC ACID |FD&C RED NO. 40 |GELATIN, UNSPECIFIED ||||||||||||||||||||
6|6|ACETAMINOPHEN |CAFFEINE |DIHYDROCODEINE BITARTRATE |CROSPOVIDONE, UNSPECIFIED |MAGNESIUM STEARATE |POVIDONE, UNSPECIFIED |STARCH, CORN |STEARIC ACID |FD&C RED NO. 40 |GELATIN, UNSPECIFIED ||||||||||||||||||||
7|7|AMPHETAMINE |ANHYDROUS CITRIC ACID |GLYCERIN |METHYLPARABEN |MODIFIED CORN STARCH (1-OCTENYL SUCCINIC ANHYDRIDE) |POLYSORBATE 80 |POVIDONE |POLYVINYL ACETATE |PROPYLPARABEN |SODIUM LAURYL SULFATE |SODIUM POLYSTYRENE SULFONATE |SUCRALOSE |TRIACETIN |XANTHAN GUM ||||||||||||||||
8|8|Amphetamine |Mannitol |Crospovidone (15 MPA.S AT 5%) |MICROCRYSTALLINE CELLULOSE |Methacrylic Acid |Sodium Polystyrene Sulfonate |Citric Acid Monohydrate |Fructose |Silicon Dioxide |Triethyl Citrate |Sucralose |Magnesium Stearate |Polyethylene Glycol, Unspecified |||||||||||||||||
9|9|Amphetamine |Water |Sorbitol |Propylene Glycol |Xanthan Gum |Methacrylic Acid |Sodium Polystyrene Sulfonate |Corn Oil |Triethyl Citrate |Methylparaben |Citric Acid Monohydrate |Sucralose |Propylparaben |Polyethylene Glycol, Unspecified ||||||||||||||||
10|10|Amphetamine Sulfate |CROSPOVIDONE (15 MPA.S AT 5%) |MICROCRYSTALLINE CELLULOSE |stearic acid |FD&C Blue No. 1 |||||||||||||||||||||||||
11|11|           |||||||||||||||||||||||||||||
12|12|BUTALBITAL |ACETAMINOPHEN |CAFFEINE |CELLULOSE, MICROCRYSTALLINE |CROSCARMELLOSE SODIUM |CROSPOVIDONE |POVIDONES |SILICON DIOXIDE |STARCH, CORN |STEARIC ACID ||||||||||||||||||||
13|13|BUTALBITAL |ACETAMINOPHEN |CAFFEINE |CROSPOVIDONE |MAGNESIUM STEARATE |CELLULOSE, MICROCRYSTALLINE |POVIDONE |STARCH, CORN |STEARIC ACID |||||||||||||||||||||
14|14|BUTALBITAL |ACETAMINOPHEN |CAFFEINE |SILICON DIOXIDE |STARCH, CORN |CROSCARMELLOSE SODIUM |MAGNESIUM STEARATE |CELLULOSE, MICROCRYSTALLINE |POVIDONE |SODIUM STARCH GLYCOLATE TYPE A POTATO  |STEARIC ACID |||||||||||||||||||
15|15|BUTALBITAL |ACETAMINOPHEN |CAFFEINE |SILICON DIOXIDE |CROSCARMELLOSE SODIUM |GELATIN |MAGNESIUM STEARATE |CELLULOSE, MICROCRYSTALLINE |TITANIUM DIOXIDE |D&C YELLOW NO. 10 |FD&C BLUE NO. 1 |||||||||||||||||||
16|16|BUTALBITAL |ACETAMINOPHEN |CAFFEINE |CELLULOSE, MICROCRYSTALLINE |CROSCARMELLOSE SODIUM |GELATIN |MAGNESIUM STEARATE |SILICON DIOXIDE |TITANIUM DIOXIDE |||||||||||||||||||||
17|17|BUTALBITAL |ACETAMINOPHEN |CAFFEINE |CELLULOSE, MICROCRYSTALLINE |CROSCARMELLOSE SODIUM |GELATIN |MAGNESIUM STEARATE |SILICON DIOXIDE |TITANIUM DIOXIDE |||||||||||||||||||||
18|18|CAFFEINE |BUTALBITAL |ACETAMINOPHEN |CELLULOSE, MICROCRYSTALLINE |CROSPOVIDONE |STARCH, PREGELATINIZED CORN |STEARIC ACID |POVIDONE |TALC |GELATIN |TITANIUM DIOXIDE |D&C YELLOW NO. 10 |FD&C GREEN NO. 3 |FD&C YELLOW NO. 6 |FD&C RED NO. 40 |PROPYLENE GLYCOL |HYPROMELLOSE 2910 (6 MPA.S) |FD&C RED NO. 3 |FD&C BLUE NO. 1 |||||||||||
19|19|BUTALBITAL |ACETAMINOPHEN |CAFFEINE |CELLULOSE, MICROCRYSTALLINE |CROSCARMELLOSE SODIUM |CROSPOVIDONE |POVIDONE |SILICON DIOXIDE |STARCH, CORN |STEARIC ACID ||||||||||||||||||||
20|20|BUTALBITAL |ACETAMINOPHEN |CAFFEINE |CELLULOSE, MICROCRYSTALLINE |CROSCARMELLOSE SODIUM |CROSPOVIDONE |SILICON DIOXIDE |STARCH, CORN |STEARIC ACID |||||||||||||||||||||
21|21|BUTALBITAL |ACETAMINOPHEN |CAFFEINE |MICROCRYSTALLINE CELLULOSE |CROSCARMELLOSE SODIUM |CROSPOVIDONE (15 MPA.S AT 5%) |POVIDONE, UNSPECIFIED |SILICON DIOXIDE |STARCH, CORN |STEARIC ACID ||||||||||||||||||||
22|22|BUTALBITAL |ACETAMINOPHEN |CAFFEINE |SILICON DIOXIDE |CROSCARMELLOSE SODIUM |FD&C BLUE NO. 1 |MAGNESIUM STEARATE |MICROCRYSTALLINE CELLULOSE |SODIUM STARCH GLYCOLATE TYPE A POTATO |STEARIC ACID ||||||||||||||||||||
23|23|BUTALBITAL |ACETAMINOPHEN |CAFFEINE |ANHYDROUS CITRIC ACID |ETHYL MALTOL |CORN SYRUP |GLYCERIN |METHYLPARABEN |PROPYLENE GLYCOL |PROPYLPARABEN |WATER |SACCHARIN SODIUM |SORBITOL |SUCROSE |FD&C YELLOW NO. 6 |||||||||||||||
24|24|BUTALBITAL |ACETAMINOPHEN |CAFFEINE |ALCOHOL |ANHYDROUS CITRIC ACID |CORN SYRUP |ETHYL MALTOL |FD&C YELLOW NO. 6 |GLYCERIN |METHYLPARABEN |PROPYLENE GLYCOL |PROPYLPARABEN |SACCHARIN SODIUM |SORBITOL |SUCROSE |WATER ||||||||||||||
25|25|BUTALBITAL |ACETAMINOPHEN |CAFFEINE |CELLULOSE, MICROCRYSTALLINE |CROSCARMELLOSE SODIUM |CROSPOVIDONE |POVIDONE |SILICON DIOXIDE |STARCH, CORN |STEARIC ACID ||||||||||||||||||||
26|26|BUTALBITAL |ACETAMINOPHEN |CAFFEINE |CELLULOSE, MICROCRYSTALLINE |CROSCARMELLOSE SODIUM |CROSPOVIDONE |POVIDONE, UNSPECIFIED |SILICON DIOXIDE |STARCH, CORN |STEARIC ACID ||||||||||||||||||||
27|27|BUTALBITAL |ACETAMINOPHEN |CAFFEINE |SILICON DIOXIDE |CROSCARMELLOSE SODIUM |CROSPOVIDONE, UNSPECIFIED |MAGNESIUM STEARATE |MICROCRYSTALLINE CELLULOSE |POVIDONE, UNSPECIFIED |STARCH, CORN |STEARIC ACID |||||||||||||||||||
28|28|BUTALBITAL |ACETAMINOPHEN |CAFFEINE |SILICON DIOXIDE |CROSCARMELLOSE SODIUM |MAGNESIUM STEARATE |MICROCRYSTALLINE CELLULOSE |STEARIC ACID ||||||||||||||||||||||
29|29|BUTALBITAL |ACETAMINOPHEN |CAFFEINE |CELLULOSE, MICROCRYSTALLINE |CROSCARMELLOSE SODIUM |CROSPOVIDONE |POVIDONES |SILICON DIOXIDE |STARCH, CORN |STEARIC ACID ||||||||||||||||||||
30|30|BUTALBITAL |ACETAMINOPHEN |CAFFEINE |MICROCRYSTALLINE CELLULOSE |CROSCARMELLOSE SODIUM |CROSPOVIDONE (15 MPA.S AT 5%) |POVIDONE, UNSPECIFIED |SILICON DIOXIDE |STARCH, CORN |STEARIC ACID ||||||||||||||||||||
31|31|BUTALBITAL |ACETAMINOPHEN |CAFFEINE |SILICON DIOXIDE |CROSCARMELLOSE SODIUM |FD&C BLUE NO. 1 |MAGNESIUM STEARATE |MICROCRYSTALLINE CELLULOSE |SODIUM STARCH GLYCOLATE TYPE A POTATO |STEARIC ACID ||||||||||||||||||||
32|32|BUTALBITAL |ACETAMINOPHEN |CAFFEINE |CELLULOSE, MICROCRYSTALLINE |CROSCARMELLOSE SODIUM |CROSPOVIDONE |POVIDONES |SILICON DIOXIDE |STARCH, CORN |STEARIC ACID ||||||||||||||||||||
33|33|BUTALBITAL |ACETAMINOPHEN |CAFFEINE |SILICON DIOXIDE |CROSCARMELLOSE SODIUM |FD&C BLUE NO. 1 |MAGNESIUM STEARATE |CELLULOSE, MICROCRYSTALLINE |SODIUM STARCH GLYCOLATE TYPE A POTATO |STEARIC ACID ||||||||||||||||||||
34|34|BUTALBITAL |ACETAMINOPHEN |CAFFEINE |SILICON DIOXIDE |CROSCARMELLOSE SODIUM |FD&C BLUE NO. 1 |MAGNESIUM STEARATE |CELLULOSE, MICROCRYSTALLINE |SODIUM STARCH GLYCOLATE TYPE A POTATO |STEARIC ACID ||||||||||||||||||||
35|35|BUTALBITAL |ACETAMINOPHEN |CAFFEINE |MICROCRYSTALLINE CELLULOSE |CROSCARMELLOSE SODIUM |CROSPOVIDONE (15 MPA.S AT 5%) |POVIDONE, UNSPECIFIED |SILICON DIOXIDE |STARCH, CORN |STEARIC ACID ||||||||||||||||||||
36|36|BUTALBITAL |ACETAMINOPHEN |CAFFEINE |SILICON DIOXIDE |CROSCARMELLOSE SODIUM |FD&C BLUE NO. 1 |MAGNESIUM STEARATE |CELLULOSE, MICROCRYSTALLINE |SODIUM STARCH GLYCOLATE TYPE A POTATO |STEARIC ACID ||||||||||||||||||||
37|37|BUTALBITAL |ACETAMINOPHEN |CAFFEINE |SILICON DIOXIDE |CROSCARMELLOSE SODIUM |FD&C BLUE NO. 1 |MAGNESIUM STEARATE |MICROCRYSTALLINE CELLULOSE |SODIUM STARCH GLYCOLATE TYPE A POTATO |STEARIC ACID ||||||||||||||||||||
38|38|ACETAMINOPHEN |CAFFEINE |BUTALBITAL |FD&C BLUE NO. 1 |FD&C RED NO. 40 |GELATIN |CELLULOSE, MICROCRYSTALLINE |STEARIC ACID |TALC |TITANIUM DIOXIDE ||||||||||||||||||||
39|39|ACETAMINOPHEN |CAFFEINE |BUTALBITAL |FD&C BLUE NO. 1 |FD&C RED NO. 40 |GELATIN |CELLULOSE, MICROCRYSTALLINE |STEARIC ACID |TALC |TITANIUM DIOXIDE ||||||||||||||||||||
40|40|BUTALBITAL |ACETAMINOPHEN |CAFFEINE |CELLULOSE, MICROCRYSTALLINE |CROSCARMELLOSE SODIUM |CROSPOVIDONE |POVIDONES |SILICON DIOXIDE |STARCH, CORN |STEARIC ACID ||||||||||||||||||||
41|41|BUTALBITAL |ACETAMINOPHEN |CAFFEINE |ALCOHOL |ANHYDROUS CITRIC ACID |DEXTROSE |ETHYL MALTOL |FD&C YELLOW NO. 6 |GLYCERIN |METHYLPARABEN |PROPYLENE GLYCOL |PROPYLPARABEN |SACCHARIN SODIUM |SORBITOL |SUCROSE |WATER ||||||||||||||
42|42|BUTALBITAL |ACETAMINOPHEN |CAFFEINE |SILICON DIOXIDE, COLLOIDAL |CROSCARMELLOSE SODIUM |MAGNESIUM STEARATE |CELLULOSE, MICROCRYSTALLINE |STEARIC ACID ||||||||||||||||||||||
43|43|BUTALBITAL |ACETAMINOPHEN |CAFFEINE |CELLULOSE, MICROCRYSTALLINE |CROSCARMELLOSE SODIUM |CROSPOVIDONE |POVIDONES |SILICON DIOXIDE |STARCH, CORN |STEARIC ACID ||||||||||||||||||||
44|44|BUTALBITAL |ACETAMINOPHEN |CAFFEINE |SODIUM STARCH GLYCOLATE TYPE A POTATO |COLLOIDAL SILICON DIOXIDE |STEARIC ACID |CROSCARMELLOSE SODIUM |TITANIUM DIOXIDE |D&C RED NO. 27 |D&C RED NO. 30 |FD&C BLUE NO. 1 |CROSPOVIDONE |POVIDONE |CELLULOSE, MICROCRYSTALLINE |POLYETHYLENE GLYCOLS |HYPROMELLOSES |CARNAUBA WAX |||||||||||||
45|45|BUTALBITAL |ACETAMINOPHEN |CAFFEINE |COLLOIDAL SILICON DIOXIDE |STARCH, CORN |CROSCARMELLOSE SODIUM |MAGNESIUM STEARATE |CELLULOSE, MICROCRYSTALLINE |POVIDONE |STEARIC ACID ||||||||||||||||||||
46|46|BUTALBITAL |ACETAMINOPHEN |CAFFEINE |FD&C BLUE NO. 1 |MAGNESIUM STEARATE |CELLULOSE, MICROCRYSTALLINE |SILICON DIOXIDE |SODIUM STARCH GLYCOLATE TYPE A POTATO ||||||||||||||||||||||
47|47|BUTALBITAL |ACETAMINOPHEN |CAFFEINE |SILICON DIOXIDE |CROSCARMELLOSE SODIUM |MAGNESIUM STEARATE |CELLULOSE, MICROCRYSTALLINE |STEARIC ACID ||||||||||||||||||||||
48|48|BUTALBITAL |ACETAMINOPHEN |CAFFEINE |SILICON DIOXIDE |CROSCARMELLOSE SODIUM |MAGNESIUM STEARATE |CELLULOSE, MICROCRYSTALLINE |STEARIC ACID |CROSPOVIDONE |POVIDONE |STARCH, CORN |||||||||||||||||||
49|49|BUTALBITAL |ACETAMINOPHEN |CAFFEINE |CELLULOSE, MICROCRYSTALLINE |CROSPOVIDONE |CROSCARMELLOSE SODIUM |STARCH, CORN |STEARIC ACID |SILICON DIOXIDE |MAGNESIUM STEARATE |FD&C BLUE NO. 1 |||||||||||||||||||
50|50|Butalbital |Acetaminophen |Caffeine |CROSPOVIDONE (15 MPA.S AT 5%) |FD&C BLUE NO. 1 |Magnesium Stearate |MICROCRYSTALLINE CELLULOSE |Starch, Corn |Croscarmellose Sodium |POVIDONE, UNSPECIFIED |Stearic Acid |||||||||||||||||||
51|51|BUTALBITAL |ACETAMINOPHEN |CAFFEINE |MICROCRYSTALLINE CELLULOSE |CROSPOVIDONE, UNSPECIFIED |CROSCARMELLOSE SODIUM |STARCH, CORN |STEARIC ACID |SILICON DIOXIDE |MAGNESIUM STEARATE |FD&C BLUE NO. 1 |||||||||||||||||||
52|52|BUTALBITAL |ACETAMINOPHEN |CAFFEINE |||||||||||||||||||||||||||
53|53|BUTALBITAL |ACETAMINOPHEN |CAFFEINE |MICROCRYSTALLINE CELLULOSE |CROSPOVIDONE, UNSPECIFIED |CROSCARMELLOSE SODIUM |STARCH, CORN |STEARIC ACID |SILICON DIOXIDE |MAGNESIUM STEARATE |FD&C BLUE NO. 1 |||||||||||||||||||
54|54|BUTALBITAL |ACETAMINOPHEN |CAFFEINE |MICROCRYSTALLINE CELLULOSE |CROSPOVIDONE, UNSPECIFIED |CROSCARMELLOSE SODIUM |STARCH, CORN |STEARIC ACID |SILICON DIOXIDE |MAGNESIUM STEARATE |FD&C BLUE NO. 1 |||||||||||||||||||
55|55|BUTALBITAL |ACETAMINOPHEN |CAFFEINE |CROSPOVIDONE (15 MPA.S AT 5%) |MAGNESIUM STEARATE |MICROCRYSTALLINE CELLULOSE |POVIDONE, UNSPECIFIED |STARCH, CORN |STEARIC ACID |||||||||||||||||||||
56|56|BUTALBITAL |ACETAMINOPHEN |CAFFEINE |MICROCRYSTALLINE CELLULOSE |CROSPOVIDONE, UNSPECIFIED |CROSCARMELLOSE SODIUM |STARCH, CORN |STEARIC ACID |SILICON DIOXIDE |MAGNESIUM STEARATE |FD&C BLUE NO. 1 |||||||||||||||||||
57|57|BUTALBITAL |ACETAMINOPHEN |CAFFEINE |CROSPOVIDONE (15 MPA.S AT 5%) |MAGNESIUM STEARATE |MICROCRYSTALLINE CELLULOSE |POVIDONE, UNSPECIFIED |STARCH, CORN |STEARIC ACID |||||||||||||||||||||
58|58|BUTALBITAL |ACETAMINOPHEN |CAFFEINE |SILICON DIOXIDE |CROSCARMELLOSE SODIUM |MAGNESIUM STEARATE |MICROCRYSTALLINE CELLULOSE |STEARIC ACID |CROSPOVIDONE, UNSPECIFIED |POVIDONE, UNSPECIFIED |STARCH, CORN |||||||||||||||||||
59|59|BUTALBITAL |ACETAMINOPHEN |CAFFEINE |CROSPOVIDONE (15 MPA.S AT 5%) |MAGNESIUM STEARATE |MICROCRYSTALLINE CELLULOSE |POVIDONE, UNSPECIFIED |STARCH, CORN |STEARIC ACID |||||||||||||||||||||
60|60|BUTALBITAL |ACETAMINOPHEN |CAFFEINE |SILICON DIOXIDE |CROSCARMELLOSE SODIUM |MAGNESIUM STEARATE |CELLULOSE, MICROCRYSTALLINE |STEARIC ACID |CROSPOVIDONE |POVIDONE |STARCH, CORN |||||||||||||||||||
61|61|BUTALBITAL |ACETAMINOPHEN |CAFFEINE |CELLULOSE, MICROCRYSTALLINE |CROSPOVIDONE |CROSCARMELLOSE SODIUM |STARCH, CORN |STEARIC ACID |SILICON DIOXIDE |MAGNESIUM STEARATE |FD&C BLUE NO. 1 |||||||||||||||||||
62|62|BUTALBITAL |ACETAMINOPHEN |CAFFEINE |||||||||||||||||||||||||||
63|63|BUTALBITAL |ACETAMINOPHEN |CAFFEINE |||||||||||||||||||||||||||
64|64|BUTALBITAL |ACETAMINOPHEN |CAFFEINE |CELLULOSE, MICROCRYSTALLINE |CROSPOVIDONE |CROSCARMELLOSE SODIUM |STARCH, CORN |STEARIC ACID |SILICON DIOXIDE |MAGNESIUM STEARATE |FD&C BLUE NO. 1 |||||||||||||||||||
65|65|BUTALBITAL |ACETAMINOPHEN |CAFFEINE |CELLULOSE, MICROCRYSTALLINE |CROSPOVIDONE |CROSCARMELLOSE SODIUM |STARCH, CORN |STEARIC ACID |SILICON DIOXIDE |MAGNESIUM STEARATE |FD&C BLUE NO. 1 |||||||||||||||||||
66|66|BUTALBITAL |ACETAMINOPHEN |CAFFEINE |CELLULOSE, MICROCRYSTALLINE |CROSPOVIDONE |CROSCARMELLOSE SODIUM |STARCH, CORN |STEARIC ACID |SILICON DIOXIDE |MAGNESIUM STEARATE |FD&C BLUE NO. 1 |||||||||||||||||||
67|67|BUTALBITAL |ACETAMINOPHEN |CAFFEINE |CROSPOVIDONE |MAGNESIUM STEARATE |CELLULOSE, MICROCRYSTALLINE |POVIDONE |STARCH, CORN |STEARIC ACID |||||||||||||||||||||
68|68|BUTALBITAL |ACETAMINOPHEN |CAFFEINE |SILICON DIOXIDE |CROSCARMELLOSE SODIUM |MAGNESIUM STEARATE |CELLULOSE, MICROCRYSTALLINE |STEARIC ACID |CROSPOVIDONE |POVIDONES |STARCH, CORN |||||||||||||||||||
69|69|BUTALBITAL |ACETAMINOPHEN |CAFFEINE |SILICON DIOXIDE |MAGNESIUM STEARATE |SODIUM LAURYL SULFATE |D&C RED NO. 33 |D&C YELLOW NO. 10 |FD&C RED NO. 40 |GELATIN |TITANIUM DIOXIDE |SODIUM STARCH GLYCOLATE TYPE A POTATO ||||||||||||||||||
70|70|BUTALBITAL |ACETAMINOPHEN |CAFFEINE |SILICON DIOXIDE |CROSCARMELLOSE SODIUM |MAGNESIUM STEARATE |CELLULOSE, MICROCRYSTALLINE |STEARIC ACID |CROSPOVIDONE |POVIDONE |STARCH, CORN |||||||||||||||||||
71|71|BUTALBITAL |ACETAMINOPHEN |CAFFEINE |MAGNESIUM STEARATE |CELLULOSE, MICROCRYSTALLINE |COLLOIDAL SILICON DIOXIDE |SODIUM STARCH GLYCOLATE TYPE A POTATO |FD&C BLUE NO. 1 ||||||||||||||||||||||
72|72|BUTALBITAL |ACETAMINOPHEN |CAFFEINE |SILICON DIOXIDE, COLLOIDAL |CROSCARMELLOSE SODIUM |MAGNESIUM STEARATE |CELLULOSE, MICROCRYSTALLINE |STEARIC ACID ||||||||||||||||||||||
73|73|Butalbital |Acetaminophen |Caffeine |Magnesium Stearate |CELLULOSE, MICROCRYSTALLINE |Colloidal Silicon Dioxide |SODIUM STARCH GLYCOLATE TYPE A POTATO |||||||||||||||||||||||
74|74|BUTALBITAL |ACETAMINOPHEN |CAFFEINE |||||||||||||||||||||||||||
75|75|BUTALBITAL |ACETAMINOPHEN |CAFFEINE |||||||||||||||||||||||||||
76|76|BUTALBITAL |ACETAMINOPHEN |CAFFEINE |CROSPOVIDONE, UNSPECIFIED |MICROCRYSTALLINE CELLULOSE |POVIDONE, UNSPECIFIED |STARCH, CORN |STEARIC ACID |TALC |D&C YELLOW NO. 10 |FD&C YELLOW NO. 6 |FD&C GREEN NO. 3 |FD&C RED NO. 40 |GELATIN, UNSPECIFIED |TITANIUM DIOXIDE |PROPYLENE GLYCOL |HYPROMELLOSE 2910 (6 MPA.S) |FD&C RED NO. 3 |FD&C BLUE NO. 1 |||||||||||
77|77|Butalbital |Acetaminophen |Caffeine |Codeine Phosphate |FD&C Blue No. 1 |FD&C Red No. 3 |FD&C Red No. 40 |FD&C Yellow No. 5 |GELATIN, UNSPECIFIED |MICROCRYSTALLINE CELLULOSE |Sodium Lauryl Sulfate |Stearic Acid |Talc |Titanium Dioxide ||||||||||||||||
78|78|BUTALBITAL |ACETAMINOPHEN |CAFFEINE |CODEINE PHOSPHATE |FD&C Blue No. 1 |FD&C Red No. 3 |FD&C Red No. 40 |FD&C Yellow No. 5 |GELATIN, UNSPECIFIED |MICROCRYSTALLINE CELLULOSE |Sodium Lauryl Sulfate |Stearic Acid |Talc |Titanium Dioxide ||||||||||||||||
79|79|Butalbital |Acetaminophen |Caffeine |Codeine Phosphate |FD&C Blue No. 1 |FD&C Red No. 3 |FD&C Red No. 40 |FD&C Yellow No. 5 |Gelatin |Cellulose, Microcrystalline |Sodium Lauryl Sulfate |Stearic Acid |Talc |Titanium Dioxide ||||||||||||||||
80|80|BUTALBITAL |ACETAMINOPHEN |CAFFEINE |CODEINE PHOSPHATE |FD&C BLUE NO. 1 |FD&C RED NO. 3 |FD&C RED NO. 40 |FD&C YELLOW NO. 5 |GELATIN, UNSPECIFIED |MICROCRYSTALLINE CELLULOSE |SODIUM LAURYL SULFATE |STEARIC ACID |TALC |TITANIUM DIOXIDE ||||||||||||||||
81|81|BUTALBITAL |ACETAMINOPHEN |CAFFEINE |CODEINE PHOSPHATE |D&C YELLOW NO. 10 |FD&C BLUE NO. 1 |FD&C RED NO. 40 |FD&C YELLOW NO. 6 |GELATIN, UNSPECIFIED |MICROCRYSTALLINE CELLULOSE |STEARIC ACID |SODIUM LAURYL SULFATE |TALC |TITANIUM DIOXIDE ||||||||||||||||
82|82|BUTALBITAL |ACETAMINOPHEN |CAFFEINE |CODEINE PHOSPHATE |FERROSOFERRIC OXIDE |SILICON DIOXIDE |FD&C BLUE NO. 1 |GELATIN |MAGNESIUM STEARATE |STARCH, CORN |SODIUM LAURYL SULFATE |TITANIUM DIOXIDE ||||||||||||||||||
83|83|BUTALBITAL |ACETAMINOPHEN |CAFFEINE |CODEINE PHOSPHATE |FD&C BLUE NO. 1 |FD&C RED NO. 40 |FD&C YELLOW NO. 6 |GELATIN, UNSPECIFIED |MICROCRYSTALLINE CELLULOSE |SODIUM LAURYL SULFATE |STEARIC ACID |TALC |TITANIUM DIOXIDE |||||||||||||||||
84|84|BUTALBITAL |ACETAMINOPHEN |CAFFEINE |CODEINE PHOSPHATE |FD&C BLUE NO. 1 |FD&C RED NO. 40 |FD&C YELLOW NO. 6 |GELATIN, UNSPECIFIED |MICROCRYSTALLINE CELLULOSE |SODIUM LAURYL SULFATE |STEARIC ACID |TALC |TITANIUM DIOXIDE |||||||||||||||||
85|85|CODEINE PHOSPHATE |BUTALBITAL |CAFFEINE |ACETAMINOPHEN |SILICON DIOXIDE |MAGNESIUM STEARATE |STARCH, CORN |D&C RED NO. 33 |FD&C BLUE NO. 1 |GELATIN |TITANIUM DIOXIDE |D&C RED NO. 7 ||||||||||||||||||
86|86|BUTALBITAL |ACETAMINOPHEN |CAFFEINE |CODEINE PHOSPHATE |SILICON DIOXIDE |MAGNESIUM STEARATE |STARCH, CORN |D&C RED NO. 33 |FD&C BLUE NO. 1 |GELATIN, UNSPECIFIED |TITANIUM DIOXIDE |D&C RED NO. 7 ||||||||||||||||||
87|87|Butalbital |Aspirin |Caffeine |Cellulose, Microcrystalline |Starch, Corn |Sodium Starch Glycolate Type A Potato |Silicon Dioxide |Talc |Hydrogenated Cottonseed Oil |||||||||||||||||||||
88|88|BUTALBITAL |ASPIRIN |CAFFEINE |CELLULOSE, MICROCRYSTALLINE |SODIUM STARCH GLYCOLATE TYPE A POTATO |TALC |HYDROGENATED COTTONSEED OIL |STARCH, CORN ||||||||||||||||||||||
89|89|BUTALBITAL |ASPIRIN |CAFFEINE |CELLULOSE, MICROCRYSTALLINE |SODIUM STARCH GLYCOLATE TYPE A POTATO |TALC |HYDROGENATED COTTONSEED OIL |STARCH, CORN ||||||||||||||||||||||
90|90|BUTALBITAL |ASPIRIN |CAFFEINE |STARCH, CORN |CELLULOSE, MICROCRYSTALLINE |TALC ||||||||||||||||||||||||
91|91|BUTALBITAL |ASPIRIN |CAFFEINE |CELLULOSE, MICROCRYSTALLINE |STARCH, CORN |TALC |D&C YELLOW NO. 10 |FD&C GREEN NO. 3 |GELATIN |FERRIC OXIDE RED ||||||||||||||||||||
92|92|           |||||||||||||||||||||||||||||
93|93|BUTALBITAL |ASPIRIN |CAFFEINE |CELLULOSE, MICROCRYSTALLINE |STARCH, CORN |TALC |D&C YELLOW NO. 10 |FD&C GREEN NO. 3 |GELATIN |FERRIC OXIDE RED ||||||||||||||||||||
94|94|BUTALBITAL |ASPIRIN |CAFFEINE |STARCH, CORN |MICROCRYSTALLINE CELLULOSE |SODIUM STARCH GLYCOLATE TYPE A POTATO |TRIMYRISTIN |TALC |SILICON DIOXIDE |D&C YELLOW NO. 10 |FD&C GREEN NO. 3 |GELATIN, UNSPECIFIED |SHELLAC |ALCOHOL |FERROSOFERRIC OXIDE |BUTYL ALCOHOL |PROPYLENE GLYCOL |METHYL ALCOHOL |FD&C BLUE NO. 2 |ALUMINUM OXIDE |FD&C RED NO. 40 |FD&C BLUE NO. 1 ||||||||
95|95|BUTALBITAL |ASPIRIN |CAFFEINE |STARCH, CORN |CELLULOSE, MICROCRYSTALLINE |SODIUM STARCH GLYCOLATE TYPE A POTATO |TRIMYRISTIN |TALC |SILICON DIOXIDE |D&C YELLOW NO. 10 |FD&C GREEN NO. 3 |GELATIN |SHELLAC |ALCOHOL |FERROSOFERRIC OXIDE |BUTYL ALCOHOL |PROPYLENE GLYCOL |METHYL ALCOHOL |FD&C BLUE NO. 2 |ALUMINUM OXIDE |FD&C RED NO. 40 |FD&C BLUE NO. 1 ||||||||
96|96|BUTALBITAL |ASPIRIN |CAFFEINE |CELLULOSE, MICROCRYSTALLINE |STARCH, CORN |TALC |D&C YELLOW NO. 10 |FD&C GREEN NO. 3 |GELATIN |FERRIC OXIDE RED ||||||||||||||||||||
97|97|BUTALBITAL |ASPIRIN |CAFFEINE |CELLULOSE, MICROCRYSTALLINE |STARCH, CORN |TALC |D&C YELLOW NO. 10 |FD&C GREEN NO. 3 |GELATIN |FERRIC OXIDE RED ||||||||||||||||||||
98|98|butalbital |aspirin |caffeine |CELLULOSE, MICROCRYSTALLINE |STARCH, CORN |talc |D&C YELLOW NO. 10 |FD&C GREEN NO. 3 |gelatin |FERRIC OXIDE RED ||||||||||||||||||||
99|99|BUTALBITAL |ASPIRIN |CAFFEINE |CODEINE PHOSPHATE ||||||||||||||||||||||||||
100|100|Butalbital |Aspirin |Caffeine |Codeine Phosphate |Starch, Corn |D&C Red No. 28 |D&C Yellow No. 10 |FD&C Blue No. 1 |FD&C Red No. 40 |Gelatin, Unspecified |Microcrystalline Cellulose |Sodium Lauryl Sulfate |Stearic Acid |Talc |Titanium Dioxide |||||||||||||||
101|101|CODEINE PHOSPHATE |BUTALBITAL |CAFFEINE |ASPIRIN |CELLULOSE, MICROCRYSTALLINE |STARCH, CORN |TALC |D&C YELLOW NO. 10 |FD&C BLUE NO. 1 |FD&C RED NO. 3 |FD&C YELLOW NO. 6 |GELATIN |TITANIUM DIOXIDE |FERRIC OXIDE RED ||||||||||||||||
102|102|BUTALBITAL |ASPIRIN |CAFFEINE |CODEINE PHOSPHATE |Starch, Corn |D&C Red No. 28 |D&C Yellow No. 10 |FD&C Blue No. 1 |FD&C Red No. 40 |GELATIN, UNSPECIFIED |MICROCRYSTALLINE CELLULOSE |Sodium Lauryl Sulfate |Stearic Acid |Talc |Titanium Dioxide |||||||||||||||
103|103|BUTALBITAL |ASPIRIN |CAFFEINE |CODEINE PHOSPHATE |D&C YELLOW NO. 10 |ALUMINUM OXIDE |D&C RED NO. 33 |D&C RED NO. 28 |FD&C BLUE NO. 1 |FD&C BLUE NO. 2 |FD&C RED NO. 40 |GELATIN |CELLULOSE, MICROCRYSTALLINE |STARCH, CORN |TALC |TITANIUM DIOXIDE |STEARIC ACID |SILICON DIOXIDE ||||||||||||
104|104|BUTALBITAL |ASPIRIN |CAFFEINE |CODEINE PHOSPHATE |CELLULOSE, MICROCRYSTALLINE |STARCH, CORN |TALC |D&C YELLOW NO. 10 |FD&C BLUE NO. 1 |FD&C RED NO. 3 |FD&C YELLOW NO. 6 |GELATIN |TITANIUM DIOXIDE |FERRIC OXIDE RED ||||||||||||||||
105|105|Codeine Phosphate |Butalbital |Caffeine |Aspirin |Gelatin |Talc |Titanium Dioxide |Stearic Acid ||||||||||||||||||||||
106|106|Butalbital |Aspirin |Caffeine |Codeine Phosphate |MICROCRYSTALLINE CELLULOSE |STARCH, CORN |silicon dioxide |stearic acid |D&C Yellow No. 10 |FD&C Yellow No. 6 |FD&C Blue No. 1 |D&C Red No. 33 |D&C Red No. 28 |GELATIN, UNSPECIFIED |Titanium Dioxide |Ferrosoferric Oxide ||||||||||||||
107|107|BUTALBITAL |ASPIRIN |CAFFEINE |CODEINE PHOSPHATE |CELLULOSE, MICROCRYSTALLINE |STARCH, CORN |TALC |GELATIN |D&C YELLOW NO. 10 |FD&C BLUE NO. 1 |FD&C RED NO. 3 |FD&C YELLOW NO. 6 |TITANIUM DIOXIDE |FERRIC OXIDE RED ||||||||||||||||
108|108|CODEINE PHOSPHATE |BUTALBITAL |CAFFEINE |ASPIRIN |CELLULOSE, MICROCRYSTALLINE |STARCH, CORN |TALC |D&C YELLOW NO. 10 |FD&C BLUE NO. 1 |FD&C RED NO. 3 |FD&C YELLOW NO. 6 |GELATIN |TITANIUM DIOXIDE |FERRIC OXIDE RED ||||||||||||||||
109|109|CAFFEINE |SODIUM BENZOATE |HYDROCHLORIC ACID |SODIUM HYDROXIDE |WATER |||||||||||||||||||||||||
110|110|CAFFEINE CITRATE |CITRIC ACID MONOHYDRATE |TRISODIUM CITRATE DIHYDRATE |WATER ||||||||||||||||||||||||||
111|111|CAFFEINE CITRATE |CITRIC ACID MONOHYDRATE |TRISODIUM CITRATE DIHYDRATE |WATER ||||||||||||||||||||||||||
112|112|CAFFEINE CITRATE |CITRIC ACID MONOHYDRATE |TRISODIUM CITRATE DIHYDRATE |WATER ||||||||||||||||||||||||||
113|113|CAFFEINE CITRATE |CITRIC ACID MONOHYDRATE |SODIUM CITRATE |||||||||||||||||||||||||||
114|114|CAFFEINE CITRATE |CITRIC ACID MONOHYDRATE |TRISODIUM CITRATE DIHYDRATE |WATER ||||||||||||||||||||||||||
115|115|CAFFEINE CITRATE |CITRIC ACID MONOHYDRATE |SODIUM CITRATE |WATER ||||||||||||||||||||||||||
116|116|CAFFEINE CITRATE |SODIUM CITRATE |CITRIC ACID MONOHYDRATE |||||||||||||||||||||||||||
117|117|CAFFEINE CITRATE |CITRIC ACID MONOHYDRATE |TRISODIUM CITRATE DIHYDRATE |WATER ||||||||||||||||||||||||||
118|118|CAFFEINE CITRATE |SODIUM CITRATE |CITRIC ACID MONOHYDRATE |||||||||||||||||||||||||||
119|119|CAFFEINE CITRATE |CITRIC ACID MONOHYDRATE |TRISODIUM CITRATE DIHYDRATE |WATER ||||||||||||||||||||||||||
120|120|CAFFEINE CITRATE |CITRIC ACID MONOHYDRATE |TRISODIUM CITRATE DIHYDRATE |WATER ||||||||||||||||||||||||||
121|121|Caffeine Citrate |Citric Acid Monohydrate |Sodium Citrate |Water ||||||||||||||||||||||||||
122|122|CAFFEINE CITRATE |CITRIC ACID MONOHYDRATE |SODIUM CITRATE |WATER ||||||||||||||||||||||||||
123|123|caffeine citrate |citric acid monohydrate |trisodium citrate dihydrate |water ||||||||||||||||||||||||||
124|124|CAFFEINE CITRATE |CITRIC ACID MONOHYDRATE |TRISODIUM CITRATE DIHYDRATE |WATER ||||||||||||||||||||||||||
125|125|CODEINE PHOSPHATE |BUTALBITAL |CAFFEINE |ACETAMINOPHEN |SILICON DIOXIDE |MAGNESIUM STEARATE |STARCH, CORN |D&C RED NO. 33 |FD&C BLUE NO. 1 |GELATIN |TITANIUM DIOXIDE |D&C RED NO. 7 ||||||||||||||||||
126|126|DEXMETHYLPHENIDATE HYDROCHLORIDE |POLYETHYLENE GLYCOL 4000 |WATER |METHACRYLIC ACID - ETHYL ACRYLATE COPOLYMER (1:1) TYPE A |METHACRYLIC ACID - METHYL METHACRYLATE COPOLYMER (1:1) |TRIETHYL CITRATE |TALC |ISOPROPYL ALCOHOL |FERRIC OXIDE YELLOW |TITANIUM DIOXIDE |GELATIN |SHELLAC |FERROSOFERRIC OXIDE |BUTYL ALCOHOL |1-PROPOXY-2-PROPANOL |FD&C BLUE NO. 1 |FD&C BLUE NO. 2 |FD&C RED NO. 40 |D&C YELLOW NO. 10 |POLYETHYLENE GLYCOL 400 |FD&C RED NO. 3 |FD&C YELLOW NO. 6 ||||||||
127|127|DEXMETHYLPHENIDATE HYDROCHLORIDE |ACETYLTRIBUTYL CITRATE |ETHYLCELLULOSES |HYPROMELLOSES |HYPROMELLOSE ACETATE SUCCINATE 06081224 (3 MM2/S) |SUCROSE |STARCH, CORN |TALC |GELATIN |FERROSOFERRIC OXIDE |SHELLAC |POTASSIUM HYDROXIDE |PROPYLENE GLYCOL |TITANIUM DIOXIDE |FD&C BLUE NO. 1 |||||||||||||||
128|128|DEXMETHYLPHENIDATE HYDROCHLORIDE |ACETYLTRIBUTYL CITRATE |ETHYLCELLULOSES |HYPROMELLOSES |HYPROMELLOSE ACETATE SUCCINATE 06081224 (3 MM2/S) |SUCROSE |STARCH, CORN |TALC |TITANIUM DIOXIDE |GELATIN |FERROSOFERRIC OXIDE |SHELLAC |POTASSIUM HYDROXIDE |PROPYLENE GLYCOL |D&C RED NO. 28 |FD&C BLUE NO. 1 |AMARANTH |FD&C RED NO. 3 |D&C RED NO. 33 |||||||||||
129|129|DEXMETHYLPHENIDATE HYDROCHLORIDE |SUCROSE |METHACRYLIC ACID |TRIETHYL CITRATE |TALC |SILICON DIOXIDE |HYPROMELLOSE, UNSPECIFIED |POLYDEXTROSE |TRIACETIN |POLYETHYLENE GLYCOL, UNSPECIFIED |FD&C YELLOW NO. 6 |FD&C BLUE NO. 2 |TITANIUM DIOXIDE |GELATIN ||||||||||||||||
130|130|DEXMETHYLPHENIDATE HYDROCHLORIDE |FD&C BLUE NO. 1 |LACTOSE MONOHYDRATE |MAGNESIUM STEARATE |CELLULOSE, MICROCRYSTALLINE |SODIUM STARCH GLYCOLATE TYPE A POTATO |D&C YELLOW NO. 10 |||||||||||||||||||||||
131|131|DEXMETHYLPHENIDATE HYDROCHLORIDE |LACTOSE MONOHYDRATE |SODIUM STARCH GLYCOLATE TYPE A POTATO |TALC |MAGNESIUM STEARATE |FD&C BLUE NO. 1 |D&C YELLOW NO. 10 |||||||||||||||||||||||
132|132|DEXMETHYLPHENIDATE HYDROCHLORIDE |AMMONIO METHACRYLATE COPOLYMER TYPE B |GELATIN, UNSPECIFIED |HYPROMELLOSE, UNSPECIFIED |METHACRYLIC ACID - METHYL METHACRYLATE COPOLYMER (1:1) |SODIUM LAURYL SULFATE |TALC |TITANIUM DIOXIDE |TRIETHYL CITRATE |FD&C BLUE NO. 2 |AMMONIA |PROPYLENE GLYCOL |SHELLAC |SUCROSE |STARCH, CORN |FERRIC OXIDE RED |FERROSOFERRIC OXIDE |FERRIC OXIDE YELLOW |D&C YELLOW NO. 10 |FD&C BLUE NO. 1 |FD&C RED NO. 40 |||||||||
133|133|DEXMETHYLPHENIDATE HYDROCHLORIDE |LACTOSE MONOHYDRATE |MICROCRYSTALLINE CELLULOSE |SODIUM STARCH GLYCOLATE TYPE A POTATO |STARCH, CORN |MAGNESIUM STEARATE |FD&C BLUE NO. 1 |ALUMINUM OXIDE |D&C YELLOW NO. 10 |||||||||||||||||||||
134|134|DEXMETHYLPHENIDATE HYDROCHLORIDE |FERRIC OXIDE YELLOW |GELATIN |POLYETHYLENE GLYCOL |DEXTROSE |TALC |TITANIUM DIOXIDE |TRIETHYL CITRATE |FD&C BLUE NO. 2 |||||||||||||||||||||
135|135|DEXMETHYLPHENIDATE HYDROCHLORIDE |FD&C BLUE NO. 1 |LACTOSE MONOHYDRATE |MAGNESIUM STEARATE |CELLULOSE, MICROCRYSTALLINE |STARCH, CORN |SODIUM STARCH GLYCOLATE TYPE A POTATO |D&C YELLOW NO. 10 ||||||||||||||||||||||
136|136|DEXMETHYLPHENIDATE HYDROCHLORIDE |AMMONIO METHACRYLATE COPOLYMER TYPE B |D&C YELLOW NO. 10 |FD&C BLUE NO. 1 |FD&C BLUE NO. 2 |INDIGOTINDISULFONATE SODIUM |FD&C RED NO. 40 |GELATIN, UNSPECIFIED |HYPROMELLOSE 2208 (3 MPA.S) |FERROSOFERRIC OXIDE |METHACRYLIC ACID - METHYL METHACRYLATE COPOLYMER (1:1) |STARCH, CORN |SUCROSE |POLYETHYLENE GLYCOL 6000 |PROPYLENE GLYCOL |SHELLAC |TALC |TITANIUM DIOXIDE |TRIETHYL CITRATE |FD&C GREEN NO. 3 ||||||||||
137|137|DEXMETHYLPHENIDATE HYDROCHLORIDE |AMMONIO METHACRYLATE COPOLYMER TYPE A |FD&C BLUE NO. 2 |GELATIN, UNSPECIFIED |METHACRYLIC ACID - METHYL METHACRYLATE COPOLYMER (1:1) |POLYETHYLENE GLYCOL, UNSPECIFIED |DEXTROSE, UNSPECIFIED FORM |TALC |TITANIUM DIOXIDE |TRIETHYL CITRATE |FERRIC OXIDE YELLOW |||||||||||||||||||
138|138|DEXMETHYLPHENIDATE HYDROCHLORIDE |ANHYDROUS LACTOSE |CELLULOSE, MICROCRYSTALLINE |STARCH, CORN |MAGNESIUM STEARATE |FD&C BLUE NO. 1 |D&C YELLOW NO. 10 |||||||||||||||||||||||
139|139|DEXMETHYLPHENIDATE HYDROCHLORIDE |LACTOSE MONOHYDRATE |MAGNESIUM STEARATE |MICROCRYSTALLINE CELLULOSE |STARCH, CORN |SODIUM STARCH GLYCOLATE TYPE A POTATO |FD&C BLUE NO. 1 |D&C YELLOW NO. 10 ||||||||||||||||||||||
140|140|DEXMETHYLPHENIDATE HYDROCHLORIDE |ANHYDROUS CITRIC ACID |LACTOSE MONOHYDRATE |MAGNESIUM STEARATE |CELLULOSE, MICROCRYSTALLINE |STARCH, CORN |SODIUM STARCH GLYCOLATE TYPE A POTATO |FD&C BLUE NO. 1 |D&C YELLOW NO. 10 |||||||||||||||||||||
141|141|DEXMETHYLPHENIDATE HYDROCHLORIDE |ACETYLTRIBUTYL CITRATE |ETHYLCELLULOSES |HYPROMELLOSES |HYPROMELLOSE ACETATE SUCCINATE 06081224 (3 MM2/S) |SUCROSE |STARCH, CORN |TALC |TITANIUM DIOXIDE |GELATIN |FERROSOFERRIC OXIDE |SHELLAC |POTASSIUM HYDROXIDE |PROPYLENE GLYCOL |D&C RED NO. 28 |FD&C BLUE NO. 1 |AMARANTH |FD&C RED NO. 3 |D&C RED NO. 33 |||||||||||
142|142|DEXMETHYLPHENIDATE HYDROCHLORIDE |ANHYDROUS LACTOSE |LACTOSE MONOHYDRATE |MAGNESIUM STEARATE |CELLULOSE, MICROCRYSTALLINE |STARCH, CORN |SODIUM STARCH GLYCOLATE TYPE A POTATO |FD&C BLUE NO. 2 |D&C YELLOW NO. 10 |SILICON DIOXIDE ||||||||||||||||||||
143|143|DEXMETHYLPHENIDATE HYDROCHLORIDE |AMMONIO METHACRYLATE COPOLYMER TYPE A |GELATIN |METHACRYLIC ACID - METHYL METHACRYLATE COPOLYMER (1:1) |POLYETHYLENE GLYCOLS |DEXTROSE |TALC |TITANIUM DIOXIDE |TRIETHYL CITRATE |||||||||||||||||||||
144|144|DEXMETHYLPHENIDATE HYDROCHLORIDE |FD&C BLUE NO. 2 |FERRIC OXIDE YELLOW |GELATIN |POLYETHYLENE GLYCOL |DEXTROSE |TALC |TITANIUM DIOXIDE |TRIETHYL CITRATE |||||||||||||||||||||
145|145|DEXMETHYLPHENIDATE HYDROCHLORIDE |FERRIC OXIDE YELLOW |GELATIN |POLYETHYLENE GLYCOL |DEXTROSE |TALC |TITANIUM DIOXIDE |TRIETHYL CITRATE |FD&C BLUE NO. 2 |||||||||||||||||||||
146|146|DEXTROAMPHETAMINE SULFATE |ANHYDROUS CITRIC ACID |BENZOIC ACID |SACCHARIN |SODIUM CITRATE |SORBITOL |WATER |||||||||||||||||||||||
147|147|DEXTROAMPHETAMINE SACCHARATE |AMPHETAMINE ASPARTATE MONOHYDRATE |DEXTROAMPHETAMINE SULFATE |AMPHETAMINE SULFATE |MICROCRYSTALLINE CELLULOSE |SILICON DIOXIDE |POVIDONE, UNSPECIFIED |STEARIC ACID ||||||||||||||||||||||
148|148|DEXTROAMPHETAMINE SACCHARATE |AMPHETAMINE ASPARTATE MONOHYDRATE |DEXTROAMPHETAMINE SULFATE |AMPHETAMINE SULFATE |FD&C BLUE NO. 1 |LACTOSE MONOHYDRATE |MAGNESIUM STEARATE |STARCH, CORN |FD&C YELLOW NO. 6 |||||||||||||||||||||
149|149|DEXTROAMPHETAMINE SACCHARATE |AMPHETAMINE ASPARTATE |DEXTROAMPHETAMINE SULFATE |AMPHETAMINE SULFATE |CELLULOSE, MICROCRYSTALLINE |SILICON DIOXIDE |POVIDONE |STEARIC ACID ||||||||||||||||||||||
150|150|DEXTROAMPHETAMINE SACCHARATE |AMPHETAMINE ASPARTATE MONOHYDRATE |DEXTROAMPHETAMINE SULFATE |AMPHETAMINE SULFATE |AMMONIO METHACRYLATE COPOLYMER TYPE A |AMMONIO METHACRYLATE COPOLYMER TYPE B |HYDROXYPROPYL CELLULOSE (1600000 WAMW) |SUCROSE |STARCH, CORN |TALC |TRIETHYL CITRATE |FD&C BLUE NO. 1 |GELATIN, UNSPECIFIED |FERRIC OXIDE RED |TITANIUM DIOXIDE |FERRIC OXIDE YELLOW |D&C YELLOW NO. 10 |FD&C BLUE NO. 2 |FD&C RED NO. 40 |SHELLAC |FERROSOFERRIC OXIDE |PROPYLENE GLYCOL ||||||||
151|151|DEXTROAMPHETAMINE SACCHARATE |AMPHETAMINE ASPARTATE MONOHYDRATE |DEXTROAMPHETAMINE SULFATE |AMPHETAMINE SULFATE |STARCH, CORN |HYPROMELLOSE 2910 (3 MPA.S) |HYPROMELLOSE 2910 (5 MPA.S) |HYPROMELLOSE 2910 (6 MPA.S) |HYPROMELLOSE 2910 (50 MPA.S) |METHACRYLIC ACID - ETHYL ACRYLATE COPOLYMER (1:1) TYPE A |POLYDEXTROSE |POLYETHYLENE GLYCOL, UNSPECIFIED |FERRIC OXIDE RED |SUCROSE |TALC |TITANIUM DIOXIDE |TRIACETIN |TRIETHYL CITRATE |FERRIC OXIDE YELLOW |GELATIN |FD&C BLUE NO. 1 |SHELLAC |PROPYLENE GLYCOL |AMMONIA |FERROSOFERRIC OXIDE |POTASSIUM HYDROXIDE ||||
152|152|DEXTROAMPHETAMINE SACCHARATE |AMPHETAMINE ASPARTATE MONOHYDRATE |DEXTROAMPHETAMINE SULFATE |AMPHETAMINE SULFATE |GELATIN, UNSPECIFIED |HYPROMELLOSE, UNSPECIFIED |METHACRYLIC ACID - METHYL METHACRYLATE COPOLYMER (1:1) |SUCROSE |TALC |TRIETHYL CITRATE |FD&C BLUE NO. 2 |TITANIUM DIOXIDE |FERRIC OXIDE RED |FERRIC OXIDE YELLOW ||||||||||||||||
153|153|DEXTROAMPHETAMINE SACCHARATE |AMPHETAMINE ASPARTATE MONOHYDRATE |DEXTROAMPHETAMINE SULFATE |AMPHETAMINE SULFATE |GELATIN, UNSPECIFIED |HYPROMELLOSE, UNSPECIFIED |METHACRYLIC ACID - METHYL METHACRYLATE COPOLYMER (1:1) |SUCROSE |TALC |TRIETHYL CITRATE |FD&C BLUE NO. 2 |TITANIUM DIOXIDE |FERRIC OXIDE RED |FERRIC OXIDE YELLOW ||||||||||||||||
154|154|DEXTROAMPHETAMINE SACCHARATE |AMPHETAMINE ASPARTATE |DEXTROAMPHETAMINE SULFATE |AMPHETAMINE SULFATE |COLLOIDAL SILICON DIOXIDE |STARCH, CORN |MAGNESIUM STEARATE |CELLULOSE, MICROCRYSTALLINE |SACCHARIN SODIUM |FD&C YELLOW NO. 6 ||||||||||||||||||||
155|155|DEXTROAMPHETAMINE SACCHARATE |AMPHETAMINE ASPARTATE MONOHYDRATE |DEXTROAMPHETAMINE SULFATE |AMPHETAMINE SULFATE |SILICON DIOXIDE |SUCROSE |MALTODEXTRIN |STARCH, CORN |MAGNESIUM STEARATE |MICROCRYSTALLINE CELLULOSE |SACCHARIN SODIUM |FD&C BLUE NO. 1 |FD&C YELLOW NO. 6 |||||||||||||||||
156|156|DEXTROAMPHETAMINE SACCHARATE |AMPHETAMINE ASPARTATE MONOHYDRATE |DEXTROAMPHETAMINE SULFATE |AMPHETAMINE SULFATE |SILICON DIOXIDE |MAGNESIUM STEARATE |CELLULOSE, MICROCRYSTALLINE |POVIDONE |STARCH, CORN |FD&C BLUE NO. 1 |FD&C YELLOW NO. 6 |||||||||||||||||||
157|157|DEXTROAMPHETAMINE SACCHARATE |AMPHETAMINE ASPARTATE MONOHYDRATE |DEXTROAMPHETAMINE SULFATE |AMPHETAMINE SULFATE |SILICON DIOXIDE |MAGNESIUM STEARATE |CELLULOSE, MICROCRYSTALLINE |POVIDONE |STARCH, CORN |FD&C BLUE NO. 1 |FD&C YELLOW NO. 6 |||||||||||||||||||
158|158|AMPHETAMINE SULFATE |AMPHETAMINE ASPARTATE MONOHYDRATE |DEXTROAMPHETAMINE SULFATE |DEXTROAMPHETAMINE SACCHARATE |CELLULOSE, MICROCRYSTALLINE |FD&C BLUE NO. 1 |MAGNESIUM STEARATE |MALTODEXTRIN |SILICON DIOXIDE |STARCH, CORN |SUCROSE |FD&C YELLOW NO. 6 ||||||||||||||||||
159|159|AMPHETAMINE SULFATE |DEXTROAMPHETAMINE SACCHARATE |AMPHETAMINE ASPARTATE MONOHYDRATE |DEXTROAMPHETAMINE SULFATE |LACTOSE MONOHYDRATE |MAGNESIUM STEARATE |CELLULOSE, MICROCRYSTALLINE |STARCH, CORN |FD&C BLUE NO. 2 |D&C RED NO. 27 ||||||||||||||||||||
160|160|           |||||||||||||||||||||||||||||
161|161|DEXTROAMPHETAMINE SACCHARATE |AMPHETAMINE ASPARTATE MONOHYDRATE |DEXTROAMPHETAMINE SULFATE |AMPHETAMINE SULFATE |SILICON DIOXIDE |SUCROSE |MALTODEXTRIN |STARCH, CORN |MAGNESIUM STEARATE |MICROCRYSTALLINE CELLULOSE |SACCHARIN SODIUM |FD&C YELLOW NO. 6 ||||||||||||||||||
162|162|DEXTROAMPHETAMINE SACCHARATE |AMPHETAMINE ASPARTATE MONOHYDRATE |DEXTROAMPHETAMINE SULFATE |AMPHETAMINE SULFATE |SILICON DIOXIDE |SUCROSE |MALTODEXTRIN |STARCH, CORN |MAGNESIUM STEARATE |CELLULOSE, MICROCRYSTALLINE |SACCHARIN SODIUM |FD&C BLUE NO. 1 |FD&C YELLOW NO. 6 |||||||||||||||||
163|163|DEXTROAMPHETAMINE SULFATE |DEXTROAMPHETAMINE SACCHARATE |AMPHETAMINE SULFATE |AMPHETAMINE ASPARTATE MONOHYDRATE |GELATIN |HYPROMELLOSES |METHACRYLIC ACID - METHYL METHACRYLATE COPOLYMER (1:1) |SUCROSE |TALC |TRIETHYL CITRATE |TITANIUM DIOXIDE |FD&C BLUE NO. 2 |FERRIC OXIDE RED |FERRIC OXIDE YELLOW ||||||||||||||||
164|164|DEXTROAMPHETAMINE SULFATE |DEXTROAMPHETAMINE SACCHARATE |AMPHETAMINE SULFATE |AMPHETAMINE ASPARTATE |GELATIN |HYPROMELLOSES |METHACRYLIC ACID - METHYL METHACRYLATE COPOLYMER (1:1) |SUCROSE |TALC |TRIETHYL CITRATE |TITANIUM DIOXIDE |FD&C BLUE NO. 2 |FERRIC OXIDE RED |FERRIC OXIDE YELLOW ||||||||||||||||
165|165|Amphetamine Aspartate Monohydrate |AMPHETAMINE SULFATE |DEXTROAMPHETAMINE SACCHARATE |DEXTROAMPHETAMINE SULFATE |MICROCRYSTALLINE CELLULOSE |STARCH, CORN |SILICON DIOXIDE |MAGNESIUM STEARATE |FD&C BLUE NO. 1 |FD&C YELLOW NO. 6  |FD&C YELLOW NO. 6 |||||||||||||||||||
166|166|DEXTROAMPHETAMINE SACCHARATE |AMPHETAMINE ASPARTATE MONOHYDRATE |DEXTROAMPHETAMINE SULFATE |AMPHETAMINE SULFATE |CROSPOVIDONE (15 MPA.S AT 5%) |magnesium stearate |MICROCRYSTALLINE CELLULOSE |POVIDONE, UNSPECIFIED |starch, corn |D&C YELLOW NO. 10 |FD&C BLUE NO. 1 |||||||||||||||||||
167|167|Dextroamphetamine saccharate |Amphetamine aspartate |Dextroamphetamine sulfate |Amphetamine sulfate |CROSPOVIDONE (15 MPA.S AT 5%) |magnesium stearate |MICROCRYSTALLINE CELLULOSE |POVIDONE, UNSPECIFIED |starch, corn |D&C YELLOW NO. 10 |FD&C BLUE NO. 1 |||||||||||||||||||
168|168|DEXTROAMPHETAMINE SACCHARATE |AMPHETAMINE ASPARTATE MONOHYDRATE |DEXTROAMPHETAMINE SULFATE |AMPHETAMINE SULFATE |SILICON DIOXIDE |SUCROSE |MALTODEXTRIN |STARCH, CORN |MAGNESIUM STEARATE |CELLULOSE, MICROCRYSTALLINE |SACCHARIN SODIUM |FD&C BLUE NO. 1 |FD&C YELLOW NO. 6 |||||||||||||||||
169|169|DEXTROAMPHETAMINE SACCHARATE |AMPHETAMINE ASPARTATE MONOHYDRATE |DEXTROAMPHETAMINE SULFATE |AMPHETAMINE SULFATE |GELATIN, UNSPECIFIED |HYPROMELLOSE, UNSPECIFIED |METHACRYLIC ACID - METHYL METHACRYLATE COPOLYMER (1:1) |SUCROSE |TALC |TRIETHYL CITRATE |FD&C BLUE NO. 2 |FERRIC OXIDE RED |FERRIC OXIDE YELLOW |||||||||||||||||
170|170|DEXTROAMPHETAMINE SACCHARATE |AMPHETAMINE ASPARTATE |DEXTROAMPHETAMINE SULFATE |AMPHETAMINE SULFATE |SILICON DIOXIDE |SUCROSE |STARCH, CORN |MAGNESIUM STEARATE |CELLULOSE, MICROCRYSTALLINE |SACCHARIN SODIUM DIHYDRATE |FD&C BLUE NO. 1 |ALUMINUM OXIDE ||||||||||||||||||
171|171|DEXTROAMPHETAMINE SACCHARATE |AMPHETAMINE ASPARTATE |DEXTROAMPHETAMINE SULFATE |AMPHETAMINE SULFATE |SILICON DIOXIDE |SUCROSE |STARCH, CORN |MAGNESIUM STEARATE |CELLULOSE, MICROCRYSTALLINE |SACCHARIN SODIUM DIHYDRATE |FD&C YELLOW NO. 6 |ALUMINUM OXIDE ||||||||||||||||||
172|172|DEXTROAMPHETAMINE SULFATE |SILICON DIOXIDE |FD&C RED NO. 40 |FD&C YELLOW NO. 6 |MAGNESIUM STEARATE |CELLULOSE, MICROCRYSTALLINE |STARCH, CORN |||||||||||||||||||||||
173|173|DEXTROAMPHETAMINE SULFATE |ANHYDROUS CITRIC ACID |BENZOIC ACID |SACCHARIN SODIUM |SODIUM CITRATE |SORBITOL |WATER |||||||||||||||||||||||
174|174|DEXTROAMPHETAMINE SULFATE |ANHYDROUS CITRIC ACID |BENZOIC ACID |SACCHARIN SODIUM |SODIUM CITRATE |SORBITOL |WATER |||||||||||||||||||||||
175|175|Dextroamphetamine Sulfate |SILICON DIOXIDE |CROSPOVIDONE (15 MPA.S AT 5%) |MICROCRYSTALLINE CELLULOSE |STEARIC ACID |D&C RED NO. 27 |FD&C YELLOW NO. 6 |FD&C BLUE NO. 1 |D&C YELLOW NO. 10 |FD&C RED NO. 40 |FD&C BLUE NO. 2 |silicon dioxide |stearic acid |FD&C Blue NO. 1 |FD&C Blue NO. 2 |FD&C Red NO. 40 |D&C Red NO. 27 |D&C Yellow NO. 10 ||||||||||||
176|176|DEXTROAMPHETAMINE SULFATE |AMMONIA |FERROSOFERRIC OXIDE |ETHYLCELLULOSE, UNSPECIFIED |GELATIN, UNSPECIFIED |HYPROMELLOSE, UNSPECIFIED |HYDROXYPROPYL CELLULOSE (1600000 WAMW) |MEDIUM-CHAIN TRIGLYCERIDES |OLEIC ACID |POTASSIUM HYDROXIDE |PROPYLENE GLYCOL |FERRIC OXIDE RED |SHELLAC |SILICON DIOXIDE |SODIUM LAURYL SULFATE |SUCROSE |STARCH, CORN |TALC |TITANIUM DIOXIDE |FERRIC OXIDE YELLOW |ALCOHOL |POLYETHYLENE GLYCOL, UNSPECIFIED |BUTYL ALCOHOL |ISOPROPYL ALCOHOL |WATER |POLYETHYLENE GLYCOL 400 |POLYETHYLENE GLYCOL 8000 |HYDROXYPROPYL CELLULOSE (90000 WAMW) |FD&C RED NO. 40 |D&C YELLOW NO. 10 
177|177|DEXTROAMPHETAMINE SULFATE |SUCROSE |TITANIUM DIOXIDE |GELATIN, UNSPECIFIED |SHELLAC |ALCOHOL |FERROSOFERRIC OXIDE |PROPYLENE GLYCOL |FD&C BLUE NO. 2 |FD&C RED NO. 40 |FD&C BLUE NO. 1 |D&C YELLOW NO. 10 |ISOPROPYL ALCOHOL |BUTYL ALCOHOL |AMMONIA |D&C RED NO. 7 |HYPROMELLOSE, UNSPECIFIED |POLYETHYLENE GLYCOL, UNSPECIFIED |WATER |ETHYLCELLULOSE, UNSPECIFIED |MEDIUM-CHAIN TRIGLYCERIDES |OLEIC ACID ||||||||
178|178|DEXTROAMPHETAMINE SULFATE |AMMONIA |ETHYLCELLULOSES |GELATIN |HYDROXYPROPYL CELLULOSE (1600000 WAMW) |HYPROMELLOSES |MEDIUM-CHAIN TRIGLYCERIDES |OLEIC ACID |POLYETHYLENE GLYCOL, UNSPECIFIED |SUCROSE |STARCH, CORN |FERROSOFERRIC OXIDE |FERRIC OXIDE RED |SILICON DIOXIDE |SODIUM LAURYL SULFATE |TALC |TITANIUM DIOXIDE |FERRIC OXIDE YELLOW |BUTYL ALCOHOL |ALCOHOL |ISOPROPYL ALCOHOL |POTASSIUM HYDROXIDE |PROPYLENE GLYCOL |WATER |SHELLAC |FD&C RED NO. 40 |D&C YELLOW NO. 10 |||
179|179|DEXTROAMPHETAMINE SULFATE |CALCIUM SULFATE |SILICON DIOXIDE |SUCROSE |STARCH, CORN |MAGNESIUM STEARATE |CELLULOSE, MICROCRYSTALLINE |D&C YELLOW NO. 10 |FD&C RED NO. 40 |FD&C YELLOW NO. 6 ||||||||||||||||||||
180|180|DEXTROAMPHETAMINE SULFATE |FD&C RED NO. 40 |MAGNESIUM STEARATE |CELLULOSE, MICROCRYSTALLINE |SILICON DIOXIDE |D&C YELLOW NO. 10 |FD&C YELLOW NO. 6 |||||||||||||||||||||||
181|181|DEXTROAMPHETAMINE SULFATE |CETYL ALCOHOL |D&C YELLOW NO. 10 |DIBUTYL SEBACATE |ETHYLCELLULOSE (100 MPA.S) |FD&C RED NO. 40 |FD&C YELLOW NO. 6 |GELATIN |HYPROMELLOSES |POLYETHYLENE GLYCOL, UNSPECIFIED |POVIDONE |SODIUM LAURYL SULFATE ||||||||||||||||||
182|182|DEXTROAMPHETAMINE SULFATE |CETYL ALCOHOL |D&C YELLOW NO. 10 |DIBUTYL SEBACATE |ETHYLCELLULOSES |FD&C BLUE NO. 1 |FD&C RED NO. 40 |FD&C YELLOW NO. 6 |GELATIN |HYPROMELLOSES |POLYETHYLENE GLYCOL, UNSPECIFIED |POVIDONE |SODIUM LAURYL SULFATE |||||||||||||||||
183|183|Dextroamphetamine Sulfate |silicon dioxide |crospovidone (15 MPA.S AT 5%) |microcrystalline cellulose |stearic acid |D&C RED NO. 27 |FD&C Yellow NO. 6 |FD&C Red NO. 40 |FD&C Blue NO. 2 |||||||||||||||||||||
184|184|DEXTROAMPHETAMINE SULFATE |SUCROSE |CORN STARCH 3-E-DODECENYL SUCCINIC ANHYDRIDE MODIFIED |TITANIUM DIOXIDE |GELATIN, UNSPECIFIED |FERROSOFERRIC OXIDE |PROPYLENE GLYCOL |FD&C RED NO. 40 |FD&C BLUE NO. 1 |ALUMINUM OXIDE |ALCOHOL |ISOPROPYL ALCOHOL |BUTYL ALCOHOL |AMMONIA |FD&C BLUE NO. 2 |HYPROMELLOSE 2208 (100000 MPA.S) |POLYETHYLENE GLYCOL, UNSPECIFIED |WATER |ETHYLCELLULOSE, UNSPECIFIED |MEDIUM-CHAIN TRIGLYCERIDES |OLEIC ACID |SHELLAC ||||||||
185|185|DEXTROAMPHETAMINE SULFATE |MICROCRYSTALLINE CELLULOSE |POVIDONE, UNSPECIFIED |SILICON DIOXIDE |STEARIC ACID |||||||||||||||||||||||||
186|186|DEXTROAMPHETAMINE SULFATE |SILICON DIOXIDE |LACTOSE MONOHYDRATE |MAGNESIUM STEARATE |CELLULOSE, MICROCRYSTALLINE |POVIDONE |D&C YELLOW NO. 10 |FERRIC OXIDE YELLOW |FERRIC OXIDE RED |FD&C YELLOW NO. 6 |FD&C RED NO. 40 |||||||||||||||||||
187|187|DEXTROAMPHETAMINE SULFATE |CETYL ALCOHOL |D&C YELLOW NO. 10 |DIBUTYL SEBACATE |ETHYLCELLULOSE (100 MPA.S) |FD&C RED NO. 40 |FD&C YELLOW NO. 6 |GELATIN |HYPROMELLOSES |POLYETHYLENE GLYCOLS |POVIDONE |SODIUM LAURYL SULFATE ||||||||||||||||||
188|188|DEXTROAMPHETAMINE SULFATE |D&C YELLOW NO. 10 |DIBUTYL SEBACATE |ETHYLCELLULOSE (20 MPA.S) |FD&C BLUE NO. 1 |FD&C RED NO. 40 |FERROSOFERRIC OXIDE |GELATIN |OLEIC ACID |POVIDONE K30 |PROPYLENE GLYCOL |SHELLAC |SILICON DIOXIDE |SODIUM LAURYL SULFATE |STARCH, CORN |SUCROSE |TALC |TITANIUM DIOXIDE |WATER |||||||||||
189|189|DEXTROAMPHETAMINE SULFATE |SILICON DIOXIDE |LACTOSE MONOHYDRATE |MAGNESIUM STEARATE |CELLULOSE, MICROCRYSTALLINE |POVIDONE |D&C YELLOW NO. 10 |FERRIC OXIDE YELLOW |FERRIC OXIDE RED |FD&C YELLOW NO. 6 |FD&C RED NO. 40 |||||||||||||||||||
190|190|DEXTROAMPHETAMINE SULFATE |ANHYDROUS CITRIC ACID |BENZOIC ACID |SACCHARIN SODIUM |SODIUM CITRATE |SORBITOL |WATER |||||||||||||||||||||||
191|191|DEXTROAMPHETAMINE SULFATE |CALCIUM SULFATE |SILICON DIOXIDE |MALTODEXTRIN |SUCROSE |STARCH, CORN |MAGNESIUM STEARATE |CELLULOSE, MICROCRYSTALLINE |D&C YELLOW NO. 10 |FD&C RED NO. 40 |FD&C YELLOW NO. 6 |||||||||||||||||||
192|192|DEXTROAMPHETAMINE SULFATE |SILICON DIOXIDE |DIBUTYL SEBACATE |ETHYLCELLULOSES |METHYLCELLULOSE (15 CPS) |POVIDONE |PROPYLENE GLYCOL |SUCROSE |STARCH, CORN |TALC |FERROSOFERRIC OXIDE |GELATIN |FERRIC OXIDE RED |TITANIUM DIOXIDE |FERRIC OXIDE YELLOW |D&C YELLOW NO. 10 |FD&C BLUE NO. 1 |FD&C BLUE NO. 2 |FD&C RED NO. 40 |ALUMINUM OXIDE |SHELLAC |||||||||
193|193|dextroamphetamine sulfate |||||||||||||||||||||||||||||
194|194|dextroamphetamine sulfate |D&C YELLOW NO. 10 |FD&C BLUE NO. 2 |FD&C RED NO. 40 |ALUMINUM OXIDE |MAGNESIUM STEARATE |CELLULOSE, MICROCRYSTALLINE |STEARIC ACID |POVIDONE |STARCH, CORN |LACTOSE MONOHYDRATE |MALTODEXTRIN |SODIUM STARCH GLYCOLATE TYPE A POTATO |SUCROSE ||||||||||||||||
195|195|DEXTROAMPHETAMINE SULFATE |DEXTROAMPHETAMINE SACCHARATE |AMPHETAMINE ASPARTATE MONOHYDRATE |AMPHETAMINE SULFATE |GELATIN, UNSPECIFIED |HYPROMELLOSE, UNSPECIFIED |METHACRYLIC ACID - ETHYL ACRYLATE COPOLYMER (1:1) TYPE A |POLY(METHYL ACRYLATE-CO-METHYL METHACRYLATE-CO-METHACRYLIC ACID 7:3:1; 280000 MW) |SUCROSE |TALC |TRIETHYL CITRATE |FD&C BLUE NO. 2 |FERRIC OXIDE YELLOW |TITANIUM DIOXIDE |FERRIC OXIDE RED |D&C RED NO. 28 |D&C RED NO. 33 |FD&C BLUE NO. 1 ||||||||||||
196|196|DEXTROAMPHETAMINE SULFATE |DEXTROAMPHETAMINE SACCHARATE |AMPHETAMINE ASPARTATE MONOHYDRATE |AMPHETAMINE SULFATE |GELATIN, UNSPECIFIED |HYPROMELLOSE, UNSPECIFIED |METHACRYLIC ACID - METHYL METHACRYLATE COPOLYMER (1:1) |SUCROSE |TALC |TRIETHYL CITRATE |FD&C BLUE NO. 2 |TITANIUM DIOXIDE |FERRIC OXIDE RED |FERRIC OXIDE YELLOW ||||||||||||||||
197|197|DEXTROAMPHETAMINE SULFATE |DEXTROAMPHETAMINE SACCHARATE |AMPHETAMINE ASPARTATE |AMPHETAMINE SULFATE |GELATIN |HYPROMELLOSES |METHACRYLIC ACID - METHYL METHACRYLATE COPOLYMER (1:1) |SUCROSE |TALC |TRIETHYL CITRATE |FD&C BLUE NO. 2 |FD&C Blue No. 2 |FERRIC OXIDE RED |FERRIC OXIDE YELLOW ||||||||||||||||
198|198|DEXTROAMPHETAMINE SACCHARATE |AMPHETAMINE ASPARTATE |DEXTROAMPHETAMINE SULFATE |AMPHETAMINE SULFATE |SILICON DIOXIDE |FD&C BLUE NO. 1 |MAGNESIUM STEARATE |CELLULOSE, MICROCRYSTALLINE |STARCH, CORN |SUCROSE |MALTODEXTRIN |FD&C YELLOW NO. 6 ||||||||||||||||||
199|199|DIHYDROCODEINE BITARTRATE |ACETAMINOPHEN |CAFFEINE |CROSPOVIDONE |MAGNESIUM STEARATE |CELLULOSE, MICROCRYSTALLINE |POVIDONE |STARCH, CORN |STEARIC ACID |||||||||||||||||||||
200|200|ERGOTAMINE TARTRATE |CAFFEINE |TARTARIC ACID |HARD FAT ||||||||||||||||||||||||||
201|201|ERGOTAMINE TARTRATE |CAFFEINE |TARTARIC ACID |FAT, HARD ||||||||||||||||||||||||||
202|202|ERGOTAMINE TARTRATE |CAFFEINE |CELLULOSE, MICROCRYSTALLINE |CROSPOVIDONE |FD&C BLUE NO. 2 |FD&C RED NO. 40 |FD&C YELLOW NO. 5 |MAGNESIUM STEARATE |POLYETHYLENE GLYCOLS |POLYVINYL ALCOHOL |SILICON DIOXIDE |TALC |TITANIUM DIOXIDE |WATER ||||||||||||||||
203|203|ERGOTAMINE TARTRATE |CAFFEINE |CELLULOSE, MICROCRYSTALLINE |CROSPOVIDONE |FD&C BLUE NO. 2 |FD&C RED NO. 40 |FD&C YELLOW NO. 5 |MAGNESIUM STEARATE |POLYETHYLENE GLYCOLS |POLYVINYL ALCOHOL |SILICON DIOXIDE |TALC |TITANIUM DIOXIDE |WATER ||||||||||||||||
204|204|ERGOTAMINE TARTRATE |CAFFEINE |SILICON DIOXIDE |STARCH, CORN |MAGNESIUM STEARATE |MANNITOL |CELLULOSE, MICROCRYSTALLINE |SODIUM STARCH GLYCOLATE TYPE A POTATO |SUCROSE |TARTARIC ACID |FD&C BLUE NO. 2 |FD&C YELLOW NO. 6 |HYPROMELLOSES |POLYETHYLENE GLYCOLS |TITANIUM DIOXIDE |FERROSOFERRIC OXIDE ||||||||||||||
205|205|ERGOTAMINE TARTRATE |CAFFEINE |FERROSOFERRIC OXIDE |SUCROSE |FERRIC OXIDE RED |MAGNESIUM STEARATE |CELLULOSE, MICROCRYSTALLINE |POLYETHYLENE GLYCOLS |POLYVINYL ALCOHOL |SODIUM STARCH GLYCOLATE TYPE A POTATO |TALC |TITANIUM DIOXIDE |FERRIC OXIDE YELLOW |||||||||||||||||
206|206|LISDEXAMFETAMINE DIMESYLATE |MICROCRYSTALLINE CELLULOSE |CROSCARMELLOSE SODIUM |MAGNESIUM STEARATE |GELATIN, UNSPECIFIED |TITANIUM DIOXIDE |FD&C BLUE NO. 1 |FERROSOFERRIC OXIDE |FERRIC OXIDE YELLOW |FD&C RED NO. 3 |FD&C YELLOW NO. 6 |SILICON DIOXIDE |MANNITOL |SUCRALOSE ||||||||||||||||
207|207|LISDEXAMFETAMINE DIMESYLATE |CELLULOSE, MICROCRYSTALLINE |CROSCARMELLOSE SODIUM |MAGNESIUM STEARATE |GELATIN |TITANIUM DIOXIDE |D&C RED NO. 28 |D&C YELLOW NO. 10 |FD&C BLUE NO. 1 |FD&C GREEN NO. 3 |FD&C RED NO. 40 |FERROSOFERRIC OXIDE |FERRIC OXIDE YELLOW |FD&C RED NO. 3 |FD&C YELLOW NO. 6 |||||||||||||||
208|208|METHAMPHETAMINE HYDROCHLORIDE |starch, corn |lactose monohydrate |stearic acid |talc |||||||||||||||||||||||||
209|209|METHAMPHETAMINE HYDROCHLORIDE |STARCH, CORN |LACTOSE, UNSPECIFIED FORM |AMINOBENZOATE SODIUM |STEARIC ACID |TALC ||||||||||||||||||||||||
210|210|METHAMPHETAMINE HYDROCHLORIDE |CROSPOVIDONE (15 MPA.S AT 5%) |MAGNESIUM STEARATE |MICROCRYSTALLINE CELLULOSE |POVIDONE K30 |WATER ||||||||||||||||||||||||
211|211|METHYLPHENIDATE HYDROCHLORIDE |GELATIN, UNSPECIFIED |POLYETHYLENE GLYCOL, UNSPECIFIED |DEXTROSE, UNSPECIFIED FORM |TALC |TITANIUM DIOXIDE |TRIETHYL CITRATE |FERRIC OXIDE YELLOW |FERROSOFERRIC OXIDE |FERRIC OXIDE RED ||||||||||||||||||||
212|212|METHYLPHENIDATE |||||||||||||||||||||||||||||
213|213|Methylphenidate |Mannitol |Fructose |Microcrystalline Cellulose |Crospovidone, Unspecified |Methacrylic Acid |Polystyrene Sulfonic Acid |Citric Acid Monohydrate |Silicon Dioxide |Triethyl Citrate |Magnesium Stearate |Ethylcellulose, Unspecified |Sucralose |Polyethylene Glycol, Unspecified ||||||||||||||||
214|214|Methylphenidate hydrochloride |butylated hydroxytoluene |carnauba wax |HYPROMELLOSE, UNSPECIFIED |LACTOSE, UNSPECIFIED FORM |phosphoric acid |POLYETHYLENE GLYCOL, UNSPECIFIED |POVIDONE, UNSPECIFIED |propylene glycol |sodium chloride |stearic acid |succinic acid |ferrosoferric oxide |titanium dioxide |triacetin |cellulose acetate ||||||||||||||
215|215|methylphenidate hydrochloride |HYPROMELLOSE 2208 (15000 MPA.S) |MICROCRYSTALLINE CELLULOSE |TALC |magnesium stearate |METHYLPHENIDATE HYDROCHLORIDE |HYPROMELLOSE 2910 (15000 MPA.S) |MAGNESIUM STEARATE ||||||||||||||||||||||
216|216|METHYLPHENIDATE HYDROCHLORIDE |GLYCERIN |HYDROCHLORIC ACID |POLYETHYLENE GLYCOL 1450 |WATER |GRAPE ||||||||||||||||||||||||
217|217|METHYLPHENIDATE HYDROCHLORIDE |POVIDONE |HYPROMELLOSES |POLYETHYLENE GLYCOL, UNSPECIFIED |ETHYLCELLULOSES |CETYL ALCOHOL |SODIUM LAURYL SULFATE |DIBUTYL SEBACATE |GELATIN |TITANIUM DIOXIDE |FD&C BLUE NO. 2 |FERRIC OXIDE YELLOW |D&C RED NO. 28 |FD&C BLUE NO. 1 |FD&C GREEN NO. 3 |FERROSOFERRIC OXIDE |FERRIC OXIDE RED |D&C YELLOW NO. 10 |FD&C RED NO. 40 |||||||||||
218|218|METHYLPHENIDATE HYDROCHLORIDE |ASPARTAME |MALTOSE |CELLULOSE, MICROCRYSTALLINE |PHOSPHORIC ACID |STARCH, CORN |STEARIC ACID |||||||||||||||||||||||
219|219|METHYLPHENIDATE HYDROCHLORIDE |SUCROSE |SILICON DIOXIDE |D&C YELLOW NO. 10 |LACTOSE MONOHYDRATE |MAGNESIUM STEARATE |CELLULOSE, MICROCRYSTALLINE |||||||||||||||||||||||
220|220|methylphenidate hydrochloride |BUTYLATED HYDROXYTOLUENE |carnauba wax |cellulose acetate |hypromellose, unspecified |phosphoric acid |lactose, unspecified form |polyethylene glycol, unspecified |povidone, unspecified |sodium chloride |propylene glycol |stearic acid |succinic acid |ferrosoferric oxide |titanium dioxide |triacetin ||||||||||||||
221|221|METHYLPHENIDATE HYDROCHLORIDE |D&C YELLOW NO. 10 |LACTOSE |MAGNESIUM STEARATE |POLYETHYLENE GLYCOL |SUCROSE |TALC |FD&C GREEN NO. 3 |TRAGACANTH |||||||||||||||||||||
222|222|METHYLPHENIDATE HYDROCHLORIDE |LACTOSE MONOHYDRATE |MAGNESIUM STEARATE |MICROCRYSTALLINE CELLULOSE |TALC |||||||||||||||||||||||||
223|223|METHYLPHENIDATE HYDROCHLORIDE |MAGNESIUM STEARATE |POLYETHYLENE GLYCOL, UNSPECIFIED |SUCROSE |TALC |LACTOSE, UNSPECIFIED FORM |D&C YELLOW NO. 10 |FD&C GREEN NO. 3 |TRAGACANTH |CETOSTEARYL ALCOHOL |ZEIN |METHYL ALCOHOL |MINERAL OIL |POVIDONE, UNSPECIFIED |TITANIUM DIOXIDE |||||||||||||||
224|224|METHYLPHENIDATE HYDROCHLORIDE |GELATIN |POLYETHYLENE GLYCOL, UNSPECIFIED |DEXTROSE |TALC |TITANIUM DIOXIDE |TRIETHYL CITRATE |FERRIC OXIDE YELLOW |FERROSOFERRIC OXIDE |FERRIC OXIDE RED ||||||||||||||||||||
225|225|METHYLPHENIDATE HYDROCHLORIDE |LACTOSE MONOHYDRATE |MAGNESIUM STEARATE |POLYETHYLENE GLYCOL 8000 |TALC |FD&C BLUE NO. 2 |FD&C RED NO. 40 |D&C YELLOW NO. 10 |FD&C YELLOW NO. 6 |||||||||||||||||||||
226|226|METHYLPHENIDATE HYDROCHLORIDE |GLYCERIN |MALTITOL |HYDROCHLORIC ACID |GRAPE |WATER |SODIUM HYDROXIDE |SORBITOL |PROPYLENE GLYCOL |||||||||||||||||||||
227|227|METHYLPHENIDATE HYDROCHLORIDE |LACTOSE MONOHYDRATE |STARCH, CORN |TALC |D&C YELLOW NO. 10 |MAGNESIUM STEARATE |FD&C BLUE NO. 1 |||||||||||||||||||||||
228|228|methylphenidate hydrochloride |hydrochloric acid |Glycerin |water |polyethylene glycol, unspecified |sodium hydroxide ||||||||||||||||||||||||
229|229|METHYLPHENIDATE HYDROCHLORIDE |ANHYDROUS CITRIC ACID |GLYCERIN |POLYETHYLENE GLYCOL 1450 |WATER |||||||||||||||||||||||||
230|230|METHYLPHENIDATE HYDROCHLORIDE |POVIDONE |HYPROMELLOSES |POLYETHYLENE GLYCOL, UNSPECIFIED |ETHYLCELLULOSES |CETYL ALCOHOL |SODIUM LAURYL SULFATE |DIBUTYL SEBACATE |GELATIN |TITANIUM DIOXIDE |FD&C BLUE NO. 2 |FERRIC OXIDE YELLOW |D&C RED NO. 28 |FD&C BLUE NO. 1 |FD&C GREEN NO. 3 |FERROSOFERRIC OXIDE |FERRIC OXIDE RED |D&C YELLOW NO. 10 |FD&C RED NO. 40 |||||||||||
231|231|METHYLPHENIDATE HYDROCHLORIDE |ASPARTAME |ANHYDROUS LACTOSE |CELLULOSE, MICROCRYSTALLINE |GUAR GUM |STARCH, PREGELATINIZED CORN |STEARIC ACID |||||||||||||||||||||||
232|232|METHYLPHENIDATE HYDROCHLORIDE |ANHYDROUS CITRIC ACID |GLYCERIN |POLYETHYLENE GLYCOL 1450 |WATER |||||||||||||||||||||||||
233|233|METHYLPHENIDATE HYDROCHLORIDE |HYPROMELLOSES |PHOSPHORIC ACID |POLYETHYLENE GLYCOL, UNSPECIFIED |SILICON DIOXIDE |SODIUM CHLORIDE |MAGNESIUM STEARATE |SUCCINIC ACID |FERROSOFERRIC OXIDE |CELLULOSE ACETATE |POLYETHYLENE OXIDE 200000 |FD&C RED NO. 40 |FD&C BLUE NO. 2 |LACTOSE MONOHYDRATE |TITANIUM DIOXIDE |TRIACETIN |FD&C YELLOW NO. 6 |POLYETHYLENE OXIDE 5000000 |FD&C BLUE NO. 1 |||||||||||
234|234|METHYLPHENIDATE HYDROCHLORIDE |LACTOSE MONOHYDRATE |MICROCRYSTALLINE CELLULOSE |STEARIC ACID |FD&C YELLOW NO. 6 |FD&C BLUE NO. 1 ||||||||||||||||||||||||
235|235|METHYLPHENIDATE HYDROCHLORIDE |BUTYLATED HYDROXYTOLUENE |CARNAUBA WAX |CELLULOSE ACETATE |HYPROMELLOSES |PHOSPHORIC ACID |LACTOSE, UNSPECIFIED FORM |POLYETHYLENE GLYCOL, UNSPECIFIED |POVIDONE, UNSPECIFIED |PROPYLENE GLYCOL |SODIUM CHLORIDE |STEARIC ACID |SUCCINIC ACID |FERROSOFERRIC OXIDE |TITANIUM DIOXIDE |TRIACETIN |POLOXAMER 124 |||||||||||||
236|236|Methylphenidate Hydrochloride |SUCROSE |STARCH, CORN |HYPROMELLOSE, UNSPECIFIED |CELLULOSE ACETATE |HYPROMELLOSE ACETATE SUCCINATE 12070923 (3 MM2/S) |ACETYLTRIBUTYL CITRATE |ACETONE |TALC |WATER |TITANIUM DIOXIDE |GELATIN, UNSPECIFIED |FERROSOFERRIC OXIDE |SHELLAC |POTASSIUM HYDROXIDE |FD&C BLUE NO. 1 |D&C RED NO. 28 |FERRIC OXIDE YELLOW |AMMONIA |PROPYLENE GLYCOL |FD&C GREEN NO. 3 |FD&C RED NO. 40 |FD&C YELLOW NO. 6 |||||||
237|237|METHYLPHENIDATE HYDROCHLORIDE |LACTOSE MONOHYDRATE |MAGNESIUM STEARATE |MICROCRYSTALLINE CELLULOSE |TALC |HYPROMELLOSE 2208 (15000 MPA.S) ||||||||||||||||||||||||
238|238|METHYLPHENIDATE HYDROCHLORIDE |MICROCRYSTALLINE CELLULOSE |ETHYLCELLULOSE, UNSPECIFIED |HYDROXYPROPYL CELLULOSE (1200000 MW) |HYPROMELLOSE 2910 (6 MPA.S) |FERRIC OXIDE RED |FERRIC OXIDE YELLOW |FERROSOFERRIC OXIDE |MAGNESIUM STEARATE |MEDIUM-CHAIN TRIGLYCERIDES |OLEIC ACID |POLYETHYLENE GLYCOL, UNSPECIFIED |POLYVINYL ALCOHOL, UNSPECIFIED |PROPYLENE GLYCOL |SHELLAC |SILICON DIOXIDE |TALC |TITANIUM DIOXIDE |TRIACETIN |||||||||||
239|239|METHYLPHENIDATE HYDROCHLORIDE |SUCROSE |STARCH, CORN |ETHYLCELLULOSE, UNSPECIFIED |OLEIC ACID |MEDIUM-CHAIN TRIGLYCERIDES |TITANIUM DIOXIDE |GELATIN, UNSPECIFIED |SHELLAC |PROPYLENE GLYCOL |HYPROMELLOSE, UNSPECIFIED |POLYETHYLENE GLYCOL, UNSPECIFIED |FERROSOFERRIC OXIDE |FD&C BLUE NO. 2 |FERRIC OXIDE YELLOW |SODIUM HYDROXIDE |POVIDONE, UNSPECIFIED |FD&C BLUE NO. 1 |FD&C RED NO. 40 |FD&C YELLOW NO. 6 |FERRIC OXIDE RED |||||||||
240|240|METHYLPHENIDATE HYDROCHLORIDE |SUCROSE |STARCH, CORN |HYPROMELLOSE, UNSPECIFIED |CELLULOSE ACETATE |HYPROMELLOSE ACETATE SUCCINATE 12070923 (3 MM2/S) |ACETYLTRIBUTYL CITRATE |ACETONE |TALC |WATER |TITANIUM DIOXIDE |GELATIN, UNSPECIFIED |FERROSOFERRIC OXIDE |SHELLAC |POTASSIUM HYDROXIDE |FD&C BLUE NO. 1 |D&C RED NO. 28 |||||||||||||
241|241|METHYLPHENIDATE HYDROCHLORIDE |LACTOSE MONOHYDRATE |CELLULOSE, MICROCRYSTALLINE |SODIUM STARCH GLYCOLATE TYPE A POTATO |TALC |D&C YELLOW NO. 10 |MAGNESIUM STEARATE |||||||||||||||||||||||
242|242|METHYLPHENIDATE HYDROCHLORIDE |POLYETHYLENE GLYCOL 1450 |GLYCERIN |PHOSPHORIC ACID |GRAPE |WATER ||||||||||||||||||||||||
243|243|METHYLPHENIDATE HYDROCHLORIDE |SODIUM POLYSTYRENE SULFONATE |POVIDONE, UNSPECIFIED |TRIACETIN |SUCROSE |ANHYDROUS TRISODIUM CITRATE |ANHYDROUS CITRIC ACID |SODIUM BENZOATE |SUCRALOSE |POLOXAMER 188 |STARCH, CORN |XANTHAN GUM |TALC |SILICON DIOXIDE |POLYVINYL ACETATE PHTHALATE |||||||||||||||
244|244|METHYLPHENIDATE HYDROCHLORIDE |BUTYLATED HYDROXYTOLUENE |CELLULOSE ACETATE |SILICON DIOXIDE |FD&C BLUE NO. 1 |HYDROXYPROPYL CELLULOSE, UNSPECIFIED |HYPROMELLOSE, UNSPECIFIED |POLYETHYLENE GLYCOL, UNSPECIFIED |POLYVINYL ALCOHOL, UNSPECIFIED |SODIUM CHLORIDE |SODIUM STEARYL FUMARATE |TALC |TITANIUM DIOXIDE |FERRIC OXIDE YELLOW |LECITHIN, SOYBEAN |PROPYLENE GLYCOL |FERROSOFERRIC OXIDE |FD&C BLUE NO. 2 |FD&C RED NO. 40 |FD&C YELLOW NO. 6 |FERRIC OXIDE RED |||||||||
245|245|METHYLPHENIDATE HYDROCHLORIDE |MANNITOL |SODIUM CHLORIDE |SILICON DIOXIDE |ETHYLCELLULOSES |FUMARIC ACID |HYPROMELLOSES |POLYETHYLENE GLYCOLS |CELLULOSE, MICROCRYSTALLINE |POLYVINYL ALCOHOL, UNSPECIFIED |POVIDONE |STEARIC ACID |TALC |TITANIUM DIOXIDE |TRIETHYL CITRATE |FERROSOFERRIC OXIDE |FERRIC OXIDE YELLOW |FERRIC OXIDE RED ||||||||||||
246|246|METHYLPHENIDATE HYDROCHLORIDE |CETYL ALCOHOL |STARCH, CORN |D&C YELLOW NO. 10 |DIBUTYL SEBACATE |ETHYLCELLULOSE, UNSPECIFIED |FD&C BLUE NO. 1 |FD&C BLUE NO. 2 |INDIGOTINDISULFONATE SODIUM |FD&C RED NO. 40 |GELATIN, UNSPECIFIED |HYPROMELLOSE 2910 (5 MPA.S) |FERROSOFERRIC OXIDE |PROPYLENE GLYCOL |SHELLAC |SODIUM LAURYL SULFATE |SUCROSE |TITANIUM DIOXIDE |FD&C GREEN NO. 3 |FERRIC OXIDE RED |FERRIC OXIDE YELLOW |||||||||
247|247|methylphenidate hydrochloride |cetyl alcohol |ethylcellulose, unspecified |anhydrous lactose |magnesium stearate |||||||||||||||||||||||||
248|248|methylphenidate hydrochloride |lactose, unspecified form |magnesium stearate |MICROCRYSTALLINE CELLULOSE |D&C Yellow NO. 10 |FD&C Green NO. 3 |FD&C Yellow NO. 6 |||||||||||||||||||||||
249|249|METHYLPHENIDATE HYDROCHLORIDE |D&C YELLOW NO. 10 |LACTOSE, UNSPECIFIED FORM |MAGNESIUM STEARATE |POLYETHYLENE GLYCOL, UNSPECIFIED |SUCROSE |TALC |TRAGACANTH ||||||||||||||||||||||
250|250|METHYLPHENIDATE HYDROCHLORIDE |SILICON DIOXIDE |SUCROSE |D&C YELLOW NO. 10 |LACTOSE MONOHYDRATE |MAGNESIUM STEARATE |CELLULOSE, MICROCRYSTALLINE |FD&C BLUE NO. 1 ||||||||||||||||||||||
251|251|METHYLPHENIDATE HYDROCHLORIDE |CARBOXYMETHYLCELLULOSE SODIUM (0.7 CARBOXYMETHYL SUBSTITUTION PER SACCHARIDE; 400 MPA.S AT 1%) |SILICON DIOXIDE |STARCH, CORN |ETHYLCELLULOSE (10 MPA.S) |HYDROXYPROPYL CELLULOSE (1600000 WAMW) |HYPROMELLOSES |HYPROMELLOSE ACETATE SUCCINATE 06081224 (3 MM2/S) |MAGNESIUM STEARATE |CELLULOSE, MICROCRYSTALLINE |POLYETHYLENE GLYCOL 3350 |SUCROSE |TALC |TITANIUM DIOXIDE |TRIETHYL CITRATE |FERRIC OXIDE RED |FERROSOFERRIC OXIDE |FERRIC OXIDE YELLOW ||||||||||||
252|252|METHYLPHENIDATE HYDROCHLORIDE |AMMONIO METHACRYLATE COPOLYMER TYPE B |FERROSOFERRIC OXIDE |D&C YELLOW NO. 10 |FD&C BLUE NO. 1 |FD&C BLUE NO. 2 |FD&C RED NO. 40 |GELATIN, UNSPECIFIED |HYPROMELLOSE 2208 (3 MPA.S) |METHACRYLIC ACID - METHYL METHACRYLATE COPOLYMER (1:1) |POLYETHYLENE GLYCOL 6000 |PROPYLENE GLYCOL |SHELLAC |STARCH, CORN |SUCROSE |TALC |TITANIUM DIOXIDE |TRIETHYL CITRATE |D&C RED NO. 33 |FD&C YELLOW NO. 6 ||||||||||
253|253|methylphenidate hydrochloride |povidone, unspecified |hypromellose, unspecified |polyethylene glycol, unspecified |dibutyl sebacate |FD&C blue no. 2 |ferric oxide red |FD&C Blue No. 2 |ferric oxide yellow |||||||||||||||||||||
254|254|methylphenidate hydrochloride |POVIDONE, UNSPECIFIED |HYPROMELLOSE, UNSPECIFIED |POLYETHYLENE GLYCOL, UNSPECIFIED |ETHYLCELLULOSE, UNSPECIFIED |dibutyl sebacate |GELATIN, UNSPECIFIED |titanium dioxide |FD&C Blue No. 2 |Ferric Oxide Yellow |FERRIC OXIDE RED |Ferric Oxide Red ||||||||||||||||||
255|255|METHYLPHENIDATE HYDROCHLORIDE |SILICON DIOXIDE |SUCROSE |LACTOSE MONOHYDRATE |MAGNESIUM STEARATE |FD&C BLUE NO. 2 |FD&C RED NO. 40 |D&C YELLOW NO. 10 |FD&C YELLOW NO. 6 |||||||||||||||||||||
256|256|METHYLPHENIDATE HYDROCHLORIDE |ASPARTAME |MALTOSE |CELLULOSE, MICROCRYSTALLINE |PHOSPHORIC ACID |STARCH, CORN |STEARIC ACID |||||||||||||||||||||||
257|257|METHYLPHENIDATE HYDROCHLORIDE |LACTOSE MONOHYDRATE |CELLULOSE, MICROCRYSTALLINE |SODIUM STARCH GLYCOLATE TYPE A POTATO |TALC |D&C YELLOW NO. 10 |MAGNESIUM STEARATE |||||||||||||||||||||||
258|258|METHYLPHENIDATE HYDROCHLORIDE |POLYETHYLENE GLYCOL 1450 |GLYCERIN |PHOSPHORIC ACID |GRAPE |WATER ||||||||||||||||||||||||
259|259|methylphenidate hydrochloride |lactose |magnesium stearate |cellulose, microcrystalline |D&C Yellow NO. 10 |FD&C Green NO. 3 |FD&C Yellow NO. 6 |||||||||||||||||||||||
260|260|methylphenidate hydrochloride |cetyl alcohol |ethylcelluloses |anhydrous lactose |magnesium stearate |||||||||||||||||||||||||
261|261|METHYLPHENIDATE HYDROCHLORIDE |D&C YELLOW NO. 10 |LACTOSE MONOHYDRATE |MAGNESIUM STEARATE |POLYETHYLENE GLYCOL |SUCROSE |TALC |TRAGACANTH ||||||||||||||||||||||
262|262|METHYLPHENIDATE HYDROCHLORIDE |BUTYLATED HYDROXYTOLUENE |CARNAUBA WAX |HYPROMELLOSES |PHOSPHORIC ACID |LACTOSE |POLYETHYLENE GLYCOLS |POVIDONE |SODIUM CHLORIDE |PROPYLENE GLYCOL |STEARIC ACID |SUCCINIC ACID |FERROSOFERRIC OXIDE |TITANIUM DIOXIDE |TRIACETIN |CELLULOSE ACETATE ||||||||||||||
263|263|METHYLPHENIDATE HYDROCHLORIDE |POVIDONE |HYPROMELLOSES |POLYETHYLENE GLYCOL |ETHYLCELLULOSES |DIBUTYL SEBACATE |GELATIN |TITANIUM DIOXIDE |FD&C BLUE NO. 2 |FERRIC OXIDE YELLOW |FERRIC OXIDE RED |||||||||||||||||||
264|264|METHYLPHENIDATE HYDROCHLORIDE |BUTYLATED HYDROXYTOLUENE |CARNAUBA WAX |HYPROMELLOSES |LACTOSE |PHOSPHORIC ACID |POLYETHYLENE GLYCOL |POVIDONE |PROPYLENE GLYCOL |SODIUM CHLORIDE |STEARIC ACID |SUCCINIC ACID |FERROSOFERRIC OXIDE |TITANIUM DIOXIDE |TRIACETIN |CELLULOSE ACETATE ||||||||||||||
265|265|METHYLPHENIDATE HYDROCHLORIDE |CETYL ALCOHOL |ETHYLCELLULOSE |ANHYDROUS LACTOSE |MAGNESIUM STEARATE |||||||||||||||||||||||||
266|266|METHYLPHENIDATE HYDROCHLORIDE |LACTOSE MONOHYDRATE |MAGNESIUM STEARATE |CELLULOSE, MICROCRYSTALLINE |TALC |||||||||||||||||||||||||
267|267|METHYLPHENIDATE HYDROCHLORIDE |SILICON DIOXIDE |LACTOSE MONOHYDRATE |MAGNESIUM STEARATE |FD&C BLUE NO. 2 |FD&C RED NO. 40 |FD&C YELLOW NO. 6 |D&C YELLOW NO. 10 ||||||||||||||||||||||
268|268|METHYLPHENIDATE HYDROCHLORIDE |||||||||||||||||||||||||||||
269|269|methylphenidate hydrochloride |magnesium stearate |cetyl alcohol |||||||||||||||||||||||||||
270|270|METHYLPHENIDATE HYDROCHLORIDE |HYPROMELLOSES |MAGNESIUM STEARATE |CELLULOSE, MICROCRYSTALLINE |TALC |||||||||||||||||||||||||
271|271|ORPHENADRINE CITRATE |ASPIRIN |CAFFEINE |ANHYDROUS LACTOSE |CROSCARMELLOSE SODIUM |FD&C BLUE NO. 1 |D&C YELLOW NO. 10 |CELLULOSE, MICROCRYSTALLINE |POVIDONE |SILICON DIOXIDE |SODIUM LAURYL SULFATE |STARCH, CORN |STEARIC ACID |||||||||||||||||
